daily_rank,title,first_screening_date,nation,distribution,daily_takings,daily_attendance,total_takings,total_attendance,date_pulled,screening_days,date,day_of_week,avg_ticket_price
1,C'E' Ancora Domani,2023-10-26,ITA,Vision Distribution,449991.06,66700,15231636.85,2202169,2023-11-17,81,2023-11-16,Thursday,6.7464926536731635
2,Hunger Games - La Ballata Dell'Usignolo E Del Serpente,2023-11-15,USA,Medusa Film S.P.A.,238466.31,32469,584902.45,79311,2023-11-17,61,2023-11-16,Thursday,7.344430379746836
3,The Marvels,2023-11-08,USA,Walt Disney S.M.P. Italia,60914.35,8628,2260142.44,305291,2023-11-17,68,2023-11-16,Thursday,7.060077654149281
4,Thanksgiving,2023-11-16,USA,Eagle Pictures S.P.A.,41232.57,5709,41232.57,5709,2023-11-17,60,2023-11-16,Thursday,7.222380451918024
5,The Old Oak,2023-11-16,FRA,Lucky Red Distrib.,36605.89,5879,56540.79,8609,2023-11-17,60,2023-11-16,Thursday,6.226550433747236
6,Comandante,2023-10-31,ITA,01 Distribution,33606.07,5323,2877897.31,423909,2023-11-17,76,2023-11-16,Thursday,6.31337027991734
7,Trolls 3 - Tutti Insieme (Trolls Band Together),2023-11-09,USA,Universal S.R.L.,20024.88,3314,1324726.06,194885,2023-11-17,67,2023-11-16,Thursday,6.0425105612552805
8,Five Nights At Freddy'S,2023-11-02,USA,Universal S.R.L.,18484.63,2478,4966402.08,624996,2023-11-17,74,2023-11-16,Thursday,7.459495560936239
9,Killers Of The Flower Moon,2023-10-19,USA,01 Distribution,13874.92,2220,4981551.57,670012,2023-11-17,88,2023-11-16,Thursday,6.249963963963964
10,Dream Scenario - Hai Mai Sognato Quest'Uomo?,2023-11-16,USA,I Wonder Pictures S.R.L.,13246.96,2025,13246.96,2025,2023-11-17,60,2023-11-16,Thursday,6.541708641975308
1,C'E' Ancora Domani,2023-10-26,ITA,Vision Distribution,716115.23,102152,15993379.11,2311409,2023-11-18,81,2023-11-17,Friday,7.010290841099538
2,Hunger Games - La Ballata Dell'Usignolo E Del Serpente,2023-11-15,USA,Medusa Film S.P.A.,407469.68,54074,992489.13,133402,2023-11-18,61,2023-11-17,Friday,7.535408514258239
3,The Marvels,2023-11-08,USA,Walt Disney S.M.P. Italia,109079.49,15018,2377050.93,321521,2023-11-18,68,2023-11-17,Friday,7.263250099880144
4,Thanksgiving,2023-11-16,USA,Eagle Pictures S.P.A.,68469.31,9105,109701.88,14814,2023-11-18,60,2023-11-17,Friday,7.519968149368479
5,Comandante,2023-10-31,ITA,01 Distribution,54556.27,8071,2949803.88,434488,2023-11-18,76,2023-11-17,Friday,6.7595428075827035
6,The Old Oak,2023-11-16,FRA,Lucky Red Distrib.,51805.05,8365,108792.34,17053,2023-11-18,60,2023-11-17,Friday,6.193072325164375
7,Trolls 3 - Tutti Insieme (Trolls Band Together),2023-11-09,USA,Universal S.R.L.,46814.69,7438,1374453.45,202769,2023-11-18,67,2023-11-17,Friday,6.293988975531057
8,Five Nights At Freddy'S,2023-11-02,USA,Universal S.R.L.,45049.66,5769,5019932.64,631937,2023-11-18,74,2023-11-17,Friday,7.808920090136939
9,Dream Scenario - Hai Mai Sognato Quest'Uomo?,2023-11-16,USA,I Wonder Pictures S.R.L.,19793.89,2942,33040.85,4967,2023-11-18,60,2023-11-17,Friday,6.728038749150238
10,Killers Of The Flower Moon,2023-10-19,USA,01 Distribution,18681.33,2518,5000944.7,672654,2023-11-18,88,2023-11-17,Friday,7.4191143764892775
1,C'E' Ancora Domani,2023-10-26,ITA,Vision Distribution,1347271.44,181856,17353943.25,2495357,2023-11-19,81,2023-11-18,Saturday,7.408451961991905
2,Hunger Games - La Ballata Dell'Usignolo E Del Serpente,2023-11-15,USA,Medusa Film S.P.A.,778581.54,97669,1773192.77,231392,2023-11-19,61,2023-11-18,Saturday,7.971634193039757
3,The Marvels,2023-11-08,USA,Walt Disney S.M.P. Italia,255545.91,33430,2633665.84,355104,2023-11-19,68,2023-11-18,Saturday,7.6442090936284774
4,Trolls 3 - Tutti Insieme (Trolls Band Together),2023-11-09,USA,Universal S.R.L.,192060.18,28338,1566902.63,231171,2023-11-19,67,2023-11-18,Saturday,6.777478297692144
5,Comandante,2023-10-31,ITA,01 Distribution,150882.31,20906,3101197.19,455488,2023-11-19,76,2023-11-18,Saturday,7.21717736534966
6,Thanksgiving,2023-11-16,USA,Eagle Pictures S.P.A.,149022.72,18435,259365.1,33343,2023-11-19,60,2023-11-18,Saturday,8.083684296175752
7,The Old Oak,2023-11-16,FRA,Lucky Red Distrib.,129453.32,19030,238974.16,36202,2023-11-19,60,2023-11-18,Saturday,6.802591697320022
8,Five Nights At Freddy'S,2023-11-02,USA,Universal S.R.L.,128149.19,15427,5148621.83,647460,2023-11-19,74,2023-11-18,Saturday,8.306812082712128
9,Dream Scenario - Hai Mai Sognato Quest'Uomo?,2023-11-16,USA,I Wonder Pictures S.R.L.,45799.87,6384,78866.22,11354,2023-11-19,60,2023-11-18,Saturday,7.174165100250627
10,Killers Of The Flower Moon,2023-10-19,USA,01 Distribution,39234.41,4950,5040179.11,677604,2023-11-19,88,2023-11-18,Saturday,7.926143434343435
1,C'E' Ancora Domani,2023-10-26,ITA,Vision Distribution,1544231.0,211764,18905536.25,2708177,2023-11-20,81,2023-11-19,Sunday,7.292226251865284
2,Hunger Games - La Ballata Dell'Usignolo E Del Serpente,2023-11-15,USA,Medusa Film S.P.A.,619325.51,78293,2394754.78,309973,2023-11-20,61,2023-11-19,Sunday,7.910356098246331
3,Trolls 3 - Tutti Insieme (Trolls Band Together),2023-11-09,USA,Universal S.R.L.,250674.35,36489,1818029.98,267725,2023-11-20,67,2023-11-19,Sunday,6.869860779961084
4,The Marvels,2023-11-08,USA,Walt Disney S.M.P. Italia,210299.79,27928,2844474.63,383115,2023-11-20,68,2023-11-19,Sunday,7.530069822400459
5,The Old Oak,2023-11-16,FRA,Lucky Red Distrib.,127053.64,18979,366027.8,55181,2023-11-20,60,2023-11-19,Sunday,6.6944327941408925
6,Comandante,2023-10-31,ITA,01 Distribution,126824.19,17953,3230318.88,473804,2023-11-20,76,2023-11-19,Sunday,7.064233832785607
7,Thanksgiving,2023-11-16,USA,Eagle Pictures S.P.A.,95936.97,12154,355641.07,45538,2023-11-20,60,2023-11-19,Sunday,7.8934482474905385
8,Five Nights At Freddy'S,2023-11-02,USA,Universal S.R.L.,80244.52,9859,5229352.35,657395,2023-11-20,74,2023-11-19,Sunday,8.139214930520337
9,Dream Scenario - Hai Mai Sognato Quest'Uomo?,2023-11-16,USA,I Wonder Pictures S.R.L.,44300.7,6239,123229.42,17604,2023-11-20,60,2023-11-19,Sunday,7.100609071966661
10,Me Contro Te Il Film â€“ Vacanze In Transilvania,2023-10-19,ITA,Warner Bros Italia S.P.A.,37520.8,5383,4551425.3,674907,2023-11-20,88,2023-11-19,Sunday,6.970239643321569
1,C'E' Ancora Domani,2023-10-26,ITA,Vision Distribution,391745.95,62104,19330905.7,2775193,2023-11-21,81,2023-11-20,Monday,6.307902067499678
2,Hunger Games - La Ballata Dell'Usignolo E Del Serpente,2023-11-15,USA,Medusa Film S.P.A.,166521.4,23229,2568910.18,334213,2023-11-21,61,2023-11-20,Monday,7.16868569460588
3,Dallamericaruso. Il Concerto Perduto,2023-11-20,ITA,Nexo Digital S.P.A.,71583.5,6870,71583.5,6870,2023-11-21,56,2023-11-20,Monday,10.419723435225619
4,The Marvels,2023-11-08,USA,Walt Disney S.M.P. Italia,33614.06,5191,2881668.99,388798,2023-11-21,68,2023-11-20,Monday,6.475449816990945
5,Thanksgiving,2023-11-16,USA,Eagle Pictures S.P.A.,28604.53,4196,385718.8,49927,2023-11-21,60,2023-11-20,Monday,6.817094852240229
6,The Old Oak,2023-11-16,FRA,Lucky Red Distrib.,26959.02,4685,393855.02,59980,2023-11-21,60,2023-11-20,Monday,5.754326574172892
7,Comandante,2023-10-31,ITA,01 Distribution,19637.37,3455,3252914.25,477655,2023-11-21,76,2023-11-20,Monday,5.683753979739508
8,Io Capitano,2023-09-07,COP,01 Distribution,14251.7,3374,4189929.12,726793,2023-11-21,130,2023-11-20,Monday,4.22397747480735
9,Trolls 3 - Tutti Insieme (Trolls Band Together),2023-11-09,USA,Universal S.R.L.,13974.4,2376,1834876.28,270536,2023-11-21,67,2023-11-20,Monday,5.881481481481481
10,Dream Scenario - Hai Mai Sognato Quest'Uomo?,2023-11-16,USA,I Wonder Pictures S.R.L.,12969.19,2175,136938.61,19876,2023-11-21,60,2023-11-20,Monday,5.9628459770114945
1,C'E' Ancora Domani,2023-10-26,ITA,Vision Distribution,526427.96,83328,19862528.5,2859214,2023-11-22,81,2023-11-21,Tuesday,6.317539842549923
2,Hunger Games - La Ballata Dell'Usignolo E Del Serpente,2023-11-15,USA,Medusa Film S.P.A.,207033.57,29071,2779626.39,363764,2023-11-22,61,2023-11-21,Tuesday,7.121652849919164
3,Dallamericaruso. Il Concerto Perduto,2023-11-20,ITA,Nexo Digital S.P.A.,128352.74,11929,200346.24,18834,2023-11-22,56,2023-11-21,Tuesday,10.759723363232458
4,The Marvels,2023-11-08,USA,Walt Disney S.M.P. Italia,41841.93,6637,2924716.42,395605,2023-11-22,68,2023-11-21,Tuesday,6.3043438300436945
5,Thanksgiving,2023-11-16,USA,Eagle Pictures S.P.A.,36295.02,5464,422321.52,55437,2023-11-22,60,2023-11-21,Tuesday,6.642573206442166
6,The Old Oak,2023-11-16,FRA,Lucky Red Distrib.,32324.88,5390,426341.9,65400,2023-11-22,60,2023-11-21,Tuesday,5.997194805194805
7,Comandante,2023-10-31,ITA,01 Distribution,31755.13,6021,3285173.08,483753,2023-11-22,76,2023-11-21,Tuesday,5.274062448098323
8,Io Capitano,2023-09-07,COP,01 Distribution,18678.6,4313,4208727.22,731123,2023-11-22,130,2023-11-21,Tuesday,4.330767447252492
9,Trolls 3 - Tutti Insieme (Trolls Band Together),2023-11-09,USA,Universal S.R.L.,17939.01,3081,1853489.66,273711,2023-11-22,67,2023-11-21,Tuesday,5.822463485881207
10,Dream Scenario - Hai Mai Sognato Quest'Uomo?,2023-11-16,USA,I Wonder Pictures S.R.L.,16829.74,2908,153992.32,22819,2023-11-22,60,2023-11-21,Tuesday,5.787393397524072
1,C'E' Ancora Domani,2023-10-26,ITA,Vision Distribution,811229.21,145606,20674937.66,3005002,2023-11-23,81,2023-11-22,Wednesday,5.571399598917627
2,Hunger Games - La Ballata Dell'Usignolo E Del Serpente,2023-11-15,USA,Medusa Film S.P.A.,212747.76,31858,2992419.15,395631,2023-11-23,61,2023-11-22,Wednesday,6.678001130014439
3,Dallamericaruso. Il Concerto Perduto,2023-11-20,ITA,Nexo Digital S.P.A.,148457.9,13573,348874.14,32414,2023-11-23,56,2023-11-22,Wednesday,10.937736683120901
4,The Old Oak,2023-11-16,GBR,Lucky Red Distrib.,41662.34,7342,468922.84,72906,2023-11-23,60,2023-11-22,Wednesday,5.674521928629801
5,Comandante,2023-10-31,ITA,01 Distribution,37201.21,6497,3322735.29,490309,2023-11-23,76,2023-11-22,Wednesday,5.725905802678159
6,The Marvels,2023-11-08,USA,Walt Disney S.M.P. Italia,35620.92,5636,2960337.34,401241,2023-11-23,68,2023-11-22,Wednesday,6.320248403122782
7,Thanksgiving,2023-11-16,USA,Eagle Pictures S.P.A.,34880.58,5395,457202.1,60832,2023-11-23,60,2023-11-22,Wednesday,6.465353104726599
8,Trolls 3 - Tutti Insieme (Trolls Band Together),2023-11-09,USA,Universal S.R.L.,18962.76,3296,1872452.42,277007,2023-11-23,67,2023-11-22,Wednesday,5.753264563106796
9,Dream Scenario - Hai Mai Sognato Quest'Uomo?,2023-11-16,USA,I Wonder Pictures S.R.L.,16060.77,2687,170083.59,25511,2023-11-23,60,2023-11-22,Wednesday,5.977212504652028
10,Io Capitano,2023-09-07,COP,01 Distribution,12069.0,2675,4220796.22,733798,2023-11-23,130,2023-11-22,Wednesday,4.51177570093458
1,Napoleon,2023-11-23,USA,Eagle Pictures S.P.A.,407176.04,55455,407176.04,55455,2023-11-24,53,2023-11-23,Thursday,7.342458570011721
2,C'E' Ancora Domani,2023-10-26,ITA,Vision Distribution,369335.5,57890,21046670.56,3063414,2023-11-24,81,2023-11-23,Thursday,6.379953359820349
3,Hunger Games - La Ballata Dell'Usignolo E Del Serpente,2023-11-15,USA,Medusa Film S.P.A.,130934.46,17845,3123353.61,413476,2023-11-24,61,2023-11-23,Thursday,7.33731913701317
4,Cento Domeniche,2023-11-23,ITA,Vision Distribution,42846.85,6843,52810.45,8470,2023-11-24,53,2023-11-23,Thursday,6.261413122899313
5,The Old Oak,2023-11-16,GBR,Lucky Red Distrib.,20319.75,3273,489242.59,76179,2023-11-24,60,2023-11-23,Thursday,6.208295142071494
6,The Marvels,2023-11-08,USA,Walt Disney S.M.P. Italia,18821.75,2712,2979193.49,403958,2023-11-24,68,2023-11-23,Thursday,6.940173303834809
7,Thanksgiving,2023-11-16,USA,Eagle Pictures S.P.A.,18645.62,2566,475847.72,63398,2023-11-24,60,2023-11-23,Thursday,7.266414653156664
8,Io Capitano,2023-09-07,COP,01 Distribution,18398.38,4302,4239747.6,738243,2023-11-24,130,2023-11-23,Thursday,4.276703858670386
9,Comandante,2023-10-31,ITA,01 Distribution,11106.0,1742,3333985.89,492075,2023-11-24,76,2023-11-23,Thursday,6.375430539609644
10,La Chimera,2023-11-23,ITA,01 Distribution,8904.68,1458,11652.78,1997,2023-11-24,53,2023-11-23,Thursday,6.107462277091907
1,C'E' Ancora Domani,2023-10-26,ITA,Vision Distribution,617136.01,94153,21666588.17,3158019,2023-11-25,81,2023-11-24,Friday,6.554608031608128
2,Napoleon,2023-11-23,USA,Eagle Pictures S.P.A.,550326.78,74382,961116.22,130337,2023-11-25,53,2023-11-24,Friday,7.398655319835444
3,Hunger Games - La Ballata Dell'Usignolo E Del Serpente,2023-11-15,USA,Medusa Film S.P.A.,226904.82,30544,3351315.63,444174,2023-11-25,61,2023-11-24,Friday,7.428785358826611
4,Cento Domeniche,2023-11-23,ITA,Vision Distribution,71859.86,11162,125001.91,19686,2023-11-25,53,2023-11-24,Friday,6.437901809711521
5,The Marvels,2023-11-08,USA,Walt Disney S.M.P. Italia,38166.56,5314,3017638.55,409325,2023-11-25,68,2023-11-24,Friday,7.182265713210387
6,Thanksgiving,2023-11-16,USA,Eagle Pictures S.P.A.,37918.05,4869,513852.27,68280,2023-11-25,60,2023-11-24,Friday,7.787646333949477
7,The Old Oak,2023-11-16,GBR,Lucky Red Distrib.,34340.83,5408,523823.42,81619,2023-11-25,60,2023-11-24,Friday,6.350005547337278
8,Comandante,2023-10-31,ITA,01 Distribution,19473.82,2972,3353584.31,495067,2023-11-25,76,2023-11-24,Friday,6.55242934051144
9,Trolls 3 - Tutti Insieme (Trolls Band Together),2023-11-09,USA,Universal S.R.L.,19122.86,3119,1899503.69,281514,2023-11-25,67,2023-11-24,Friday,6.1310868868226995
10,La Chimera,2023-11-23,ITA,01 Distribution,16140.23,2427,27793.01,4424,2023-11-25,53,2023-11-24,Friday,6.650280181293778
1,Napoleon,2023-11-23,USA,Eagle Pictures S.P.A.,1065579.97,135510,2029555.19,266268,2023-11-26,53,2023-11-25,Saturday,7.863478488672422
2,C'E' Ancora Domani,2023-10-26,ITA,Vision Distribution,1046568.18,145345,22716899.35,3304028,2023-11-26,81,2023-11-25,Saturday,7.200579173690186
3,Hunger Games - La Ballata Dell'Usignolo E Del Serpente,2023-11-15,USA,Medusa Film S.P.A.,425378.97,53765,3777257.6,498023,2023-11-26,61,2023-11-25,Saturday,7.911819399237421
4,Cento Domeniche,2023-11-23,ITA,Vision Distribution,206229.11,29532,332034.02,49339,2023-11-26,53,2023-11-25,Saturday,6.9832422456995795
5,Trolls 3 - Tutti Insieme (Trolls Band Together),2023-11-09,USA,Universal S.R.L.,95551.96,14090,1995143.65,295620,2023-11-26,67,2023-11-25,Saturday,6.781544357700497
6,The Marvels,2023-11-08,USA,Walt Disney S.M.P. Italia,95212.32,12656,3112865.87,421986,2023-11-26,68,2023-11-25,Saturday,7.523097345132744
7,Thanksgiving,2023-11-16,USA,Eagle Pictures S.P.A.,88255.52,10743,602148.79,79029,2023-11-26,60,2023-11-25,Saturday,8.215165223866704
8,The Old Oak,2023-11-16,GBR,Lucky Red Distrib.,67264.79,9745,591650.21,91452,2023-11-26,60,2023-11-25,Saturday,6.902492560287326
9,Comandante,2023-10-31,ITA,01 Distribution,49398.52,7160,3403173.83,502257,2023-11-26,76,2023-11-25,Saturday,6.899234636871508
10,Mary E Lo Spirito Di Mezzanotte,2023-11-23,ITA,Bim Distrib. S.R.L.,33142.31,5042,46144.73,7384,2023-11-26,53,2023-11-25,Saturday,6.573246727489091
1,C'E' Ancora Domani,2023-10-26,ITA,Vision Distribution,1176092.47,161547,23908728.22,3468044,2023-11-27,81,2023-11-26,Sunday,7.280187623416095
2,Napoleon,2023-11-23,USA,Eagle Pictures S.P.A.,887282.87,114875,2923354.06,382139,2023-11-27,53,2023-11-26,Sunday,7.7238987595212185
3,Hunger Games - La Ballata Dell'Usignolo E Del Serpente,2023-11-15,USA,Medusa Film S.P.A.,300655.28,38226,4080288.38,536599,2023-11-27,61,2023-11-26,Sunday,7.865203787997698
4,Cento Domeniche,2023-11-23,ITA,Vision Distribution,216526.95,31808,549201.47,81257,2023-11-27,53,2023-11-26,Sunday,6.8073110538229376
5,Trolls 3 - Tutti Insieme (Trolls Band Together),2023-11-09,USA,Universal S.R.L.,123068.04,18163,2119213.59,313934,2023-11-27,67,2023-11-26,Sunday,6.7757551065352635
6,The Marvels,2023-11-08,USA,Walt Disney S.M.P. Italia,75147.5,9935,3188714.97,432012,2023-11-27,68,2023-11-26,Sunday,7.563915450427781
7,The Old Oak,2023-11-16,GBR,Lucky Red Distrib.,71051.19,10467,662869.9,101942,2023-11-27,60,2023-11-26,Sunday,6.788114072800229
8,Comandante,2023-10-31,ITA,01 Distribution,45779.74,6800,3449848.07,509223,2023-11-27,76,2023-11-26,Sunday,6.732314705882352
9,Mary E Lo Spirito Di Mezzanotte,2023-11-23,ITA,Bim Distrib. S.R.L.,43954.04,6679,90295.77,14093,2023-11-27,53,2023-11-26,Sunday,6.580931277137296
10,Thanksgiving,2023-11-16,USA,Eagle Pictures S.P.A.,36518.44,4499,639027.23,83583,2023-11-27,60,2023-11-26,Sunday,8.117012669482108
1,C'E' Ancora Domani,2023-10-26,ITA,Vision Distribution,336654.49,55426,24253652.01,3524662,2023-11-28,81,2023-11-27,Monday,6.07394526034713
2,Napoleon,2023-11-23,USA,Eagle Pictures S.P.A.,238797.39,34140,3172762.25,417739,2023-11-28,53,2023-11-27,Monday,6.994651142355009
3,Hunger Games - La Ballata Dell'Usignolo E Del Serpente,2023-11-15,USA,Medusa Film S.P.A.,78812.85,11194,4162532.23,548238,2023-11-28,61,2023-11-27,Monday,7.040633375022334
4,Cento Domeniche,2023-11-23,ITA,Vision Distribution,38395.34,6686,589547.81,88193,2023-11-28,53,2023-11-27,Monday,5.742647322763984
5,Picasso. Un Ribelle A Parigi. Storia Di Una Vita E Di Un Museo,2023-11-27,ITA,Nexo Digital S.P.A.,20611.08,2566,20611.08,2566,2023-11-28,49,2023-11-27,Monday,8.032377240841777
6,Io Capitano,2023-09-07,COP,01 Distribution,16741.6,3686,4275786.94,746256,2023-11-28,130,2023-11-27,Monday,4.541942485078676
7,The Old Oak,2023-11-16,GBR,Lucky Red Distrib.,14325.79,2417,677270.69,104359,2023-11-28,60,2023-11-27,Monday,5.927095573024411
8,Casanova Operapop - Il Film,2023-11-27,ITA,Officine Ubu,12261.4,1253,13770.9,1470,2023-11-28,49,2023-11-27,Monday,9.78563447725459
9,The Marvels,2023-11-08,USA,Walt Disney S.M.P. Italia,12158.67,1698,3202640.84,433917,2023-11-28,68,2023-11-27,Monday,7.160583038869258
10,Thanksgiving,2023-11-16,USA,Eagle Pictures S.P.A.,11883.89,1629,651919.52,85325,2023-11-28,60,2023-11-27,Monday,7.295205647636586
1,C'E' Ancora Domani,2023-10-26,ITA,Vision Distribution,418213.37,71372,24679501.78,3597205,2023-11-29,81,2023-11-28,Tuesday,5.859628005380261
2,Napoleon,2023-11-23,USA,Eagle Pictures S.P.A.,242597.8,35201,3419898.85,453527,2023-11-29,53,2023-11-28,Tuesday,6.8917871651373535
3,Hunger Games - La Ballata Dell'Usignolo E Del Serpente,2023-11-15,USA,Medusa Film S.P.A.,89326.01,12769,4254383.34,561291,2023-11-29,61,2023-11-28,Tuesday,6.9955368470514525
4,Cento Domeniche,2023-11-23,ITA,Vision Distribution,53961.72,8955,644341.03,97261,2023-11-29,53,2023-11-28,Tuesday,6.025876046901173
5,Picasso. Un Ribelle A Parigi. Storia Di Una Vita E Di Un Museo,2023-11-27,ITA,Nexo Digital S.P.A.,32326.2,3885,52937.28,6451,2023-11-29,49,2023-11-28,Tuesday,8.3207722007722
6,La Chimera,2023-11-23,ITA,01 Distribution,19124.37,3057,125432.09,19064,2023-11-29,53,2023-11-28,Tuesday,6.255927379784102
7,The Old Oak,2023-11-16,GBR,Lucky Red Distrib.,17455.84,2945,694726.53,107304,2023-11-29,60,2023-11-28,Tuesday,5.9272801358234295
8,The Marvels,2023-11-08,USA,Walt Disney S.M.P. Italia,12856.56,1851,3215619.4,435781,2023-11-29,68,2023-11-28,Tuesday,6.945737439222042
9,Thanksgiving,2023-11-16,USA,Eagle Pictures S.P.A.,11670.51,1644,663749.63,86993,2023-11-29,60,2023-11-28,Tuesday,7.0988503649635035
10,Casanova Operapop - Il Film,2023-11-27,ITA,Officine Ubu,11373.1,1216,25160.0,2688,2023-11-29,49,2023-11-28,Tuesday,9.352878289473685
1,C'E' Ancora Domani,2023-10-26,ITA,Vision Distribution,452149.59,78119,25138769.37,3676486,2023-11-30,81,2023-11-29,Wednesday,5.787959267271726
2,Napoleon,2023-11-23,USA,Eagle Pictures S.P.A.,283957.08,44173,3707267.23,498170,2023-11-30,53,2023-11-29,Wednesday,6.4282951123989776
3,Hunger Games - La Ballata Dell'Usignolo E Del Serpente,2023-11-15,USA,Medusa Film S.P.A.,101095.12,15657,4357006.46,577143,2023-11-30,61,2023-11-29,Wednesday,6.456864022481956
4,Cento Domeniche,2023-11-23,ITA,Vision Distribution,74253.36,13322,719798.29,110776,2023-11-30,53,2023-11-29,Wednesday,5.573739678726918
5,Picasso. Un Ribelle A Parigi. Storia Di Una Vita E Di Un Museo,2023-11-27,ITA,Nexo Digital S.P.A.,28995.4,3468,81932.68,9919,2023-11-30,49,2023-11-29,Wednesday,8.360841983852366
6,La Chimera,2023-11-23,ITA,01 Distribution,22249.43,3946,147691.72,23012,2023-11-30,53,2023-11-29,Wednesday,5.638476938672073
7,The Old Oak,2023-11-16,GBR,Lucky Red Distrib.,21958.33,3905,717001.36,111270,2023-11-30,60,2023-11-29,Wednesday,5.623131882202305
8,The Marvels,2023-11-08,USA,Walt Disney S.M.P. Italia,13711.68,2096,3229398.08,437886,2023-11-30,68,2023-11-29,Wednesday,6.541832061068702
9,Casanova Operapop - Il Film,2023-11-27,ITA,Officine Ubu,12645.9,1300,37805.9,3988,2023-11-30,49,2023-11-29,Wednesday,9.727615384615385
10,Thanksgiving,2023-11-16,USA,Eagle Pictures S.P.A.,12006.02,1847,675810.65,88848,2023-11-30,60,2023-11-29,Wednesday,6.500281537628587
1,C'E' Ancora Domani,2023-10-26,ITA,Vision Distribution,270143.0,44640,25413491.17,3721888,2023-12-01,81,2023-11-30,Thursday,6.0515905017921146
2,Napoleon,2023-11-23,USA,Eagle Pictures S.P.A.,197110.52,27413,3905623.15,525772,2023-12-01,53,2023-11-30,Thursday,7.1904030934228285
3,Hunger Games - La Ballata Dell'Usignolo E Del Serpente,2023-11-15,USA,Medusa Film S.P.A.,62615.32,8571,4419785.18,585737,2023-12-01,61,2023-11-30,Thursday,7.305485940963715
4,Cento Domeniche,2023-11-23,ITA,Vision Distribution,35486.83,5783,756005.12,116681,2023-12-01,53,2023-11-30,Thursday,6.136404980114128
5,Home Education - Le Regole Del Male,2023-11-30,ITA,Warner Bros Italia S.P.A.,29804.37,4152,29804.37,4152,2023-12-01,46,2023-11-30,Thursday,7.178316473988439
6,Diabolik - Chi Sei?,2023-11-30,ITA,01 Distribution,25605.75,3963,25605.75,3963,2023-12-01,46,2023-11-30,Thursday,6.461203633610901
7,La Guerra Dei Nonni,2023-11-30,ITA,Medusa Film S.P.A.,20429.01,3256,20429.01,3256,2023-12-01,46,2023-11-30,Thursday,6.2742659705159705
8,Palazzina Laf,2023-11-30,ITA,Bim Distrib. S.R.L.,16126.29,2613,35091.09,5442,2023-12-01,46,2023-11-30,Thursday,6.171561423650976
9,Il Silenzio Della Vendetta (Silent Night),2023-11-30,USA,Plaion Pictures,15751.12,2234,15751.12,2234,2023-12-01,46,2023-11-30,Thursday,7.050635631154879
10,The Old Oak,2023-11-16,GBR,Lucky Red Distrib.,9844.48,1577,726845.84,112847,2023-12-01,60,2023-11-30,Thursday,6.242536461636018
1,C'E' Ancora Domani,2023-10-26,ITA,Vision Distribution,393931.1,59581,25814847.27,3782616,2023-12-02,81,2023-12-01,Friday,6.611689968278478
2,Napoleon,2023-11-23,USA,Eagle Pictures S.P.A.,318418.65,43183,4228725.4,569622,2023-12-02,53,2023-12-01,Friday,7.3737037723178105
3,Hunger Games - La Ballata Dell'Usignolo E Del Serpente,2023-11-15,USA,Medusa Film S.P.A.,110712.26,14678,4531779.94,600593,2023-12-02,61,2023-12-01,Friday,7.542734705000681
4,Cento Domeniche,2023-11-23,ITA,Vision Distribution,67545.95,10575,825314.57,127504,2023-12-02,53,2023-12-01,Friday,6.387323877068558
5,Diabolik - Chi Sei?,2023-11-30,ITA,01 Distribution,50465.35,7604,83598.42,12861,2023-12-02,46,2023-12-01,Friday,6.6366846396633346
6,Home Education - Le Regole Del Male,2023-11-30,ITA,Warner Bros Italia S.P.A.,40979.93,5374,71383.8,9613,2023-12-02,46,2023-12-01,Friday,7.625591737997767
7,La Guerra Dei Nonni,2023-11-30,ITA,Medusa Film S.P.A.,36998.22,5670,57696.33,8977,2023-12-02,46,2023-12-01,Friday,6.5252592592592595
8,Il Silenzio Della Vendetta (Silent Night),2023-11-30,USA,Plaion Pictures,25036.05,3347,40976.77,5623,2023-12-02,46,2023-12-01,Friday,7.480146399760979
9,Palazzina Laf,2023-11-30,ITA,Bim Distrib. S.R.L.,24483.45,4001,59712.04,9469,2023-12-02,46,2023-12-01,Friday,6.119332666833292
10,The Old Oak,2023-11-16,GBR,Lucky Red Distrib.,16691.26,2554,743746.1,115442,2023-12-02,60,2023-12-01,Friday,6.5353406421299916
1,C'E' Ancora Domani,2023-10-26,ITA,Vision Distribution,711249.8,94774,26532763.57,3878363,2023-12-03,81,2023-12-02,Saturday,7.504693270306203
2,Napoleon,2023-11-23,USA,Eagle Pictures S.P.A.,710444.59,90576,4944246.99,660847,2023-12-03,53,2023-12-02,Saturday,7.843629548666313
3,Hunger Games - La Ballata Dell'Usignolo E Del Serpente,2023-11-15,USA,Medusa Film S.P.A.,217655.17,27172,4750783.61,627934,2023-12-03,61,2023-12-02,Saturday,8.010274179302224
4,Prendi Il Volo (Migration),,USA,Universal S.R.L.,192296.85,27335,192296.85,27335,2023-12-03,1,2023-12-02,Saturday,7.034821657216024
5,Cento Domeniche,2023-11-23,ITA,Vision Distribution,180824.89,25977,1007880.94,153743,2023-12-03,53,2023-12-02,Saturday,6.9609612349386
6,Diabolik - Chi Sei?,2023-11-30,ITA,01 Distribution,132034.3,18509,216015.72,31422,2023-12-03,46,2023-12-02,Saturday,7.13351882867794
7,La Guerra Dei Nonni,2023-11-30,ITA,Medusa Film S.P.A.,120417.09,17030,178471.92,26067,2023-12-03,46,2023-12-02,Saturday,7.070880211391661
8,Home Education - Le Regole Del Male,2023-11-30,ITA,Warner Bros Italia S.P.A.,98136.31,12031,169854.11,21685,2023-12-03,46,2023-12-02,Saturday,8.156953702934088
9,Palazzina Laf,2023-11-30,ITA,Bim Distrib. S.R.L.,63421.49,9327,123133.53,18796,2023-12-03,46,2023-12-02,Saturday,6.799773775061649
10,Il Silenzio Della Vendetta (Silent Night),2023-11-30,USA,Plaion Pictures,57518.12,7188,98672.89,12832,2023-12-03,46,2023-12-02,Saturday,8.001964385086255
1,C'E' Ancora Domani,2023-10-26,ITA,Vision Distribution,729955.63,98793,27281224.45,3980223,2023-12-04,81,2023-12-03,Sunday,7.388738372151873
2,Napoleon,2023-11-23,USA,Eagle Pictures S.P.A.,582391.48,76008,5533839.47,737903,2023-12-04,53,2023-12-03,Sunday,7.6622392379749495
3,Prendi Il Volo (Migration),,USA,Universal S.R.L.,227272.79,32128,420871.14,59668,2023-12-04,1,2023-12-03,Sunday,7.073978772410359
4,Cento Domeniche,2023-11-23,ITA,Vision Distribution,190777.09,28130,1200230.13,182138,2023-12-04,53,2023-12-03,Sunday,6.781979736935655
5,Hunger Games - La Ballata Dell'Usignolo E Del Serpente,2023-11-15,USA,Medusa Film S.P.A.,152967.54,19363,4905837.65,647580,2023-12-04,61,2023-12-03,Sunday,7.899991736817642
6,La Guerra Dei Nonni,2023-11-30,ITA,Medusa Film S.P.A.,125197.89,18176,305584.81,44559,2023-12-04,46,2023-12-03,Sunday,6.888088138204226
7,Diabolik - Chi Sei?,2023-11-30,ITA,01 Distribution,115536.63,16349,332456.35,47896,2023-12-04,46,2023-12-03,Sunday,7.066892776316594
8,Palazzina Laf,2023-11-30,ITA,Bim Distrib. S.R.L.,74198.11,11018,198051.14,29922,2023-12-04,46,2023-12-03,Sunday,6.7342630241423125
9,Home Education - Le Regole Del Male,2023-11-30,ITA,Warner Bros Italia S.P.A.,49880.29,6229,220051.4,27956,2023-12-04,46,2023-12-03,Sunday,8.00775244822604
10,The Old Oak,2023-11-16,GBR,Lucky Red Distrib.,40809.92,5840,827168.14,127284,2023-12-04,60,2023-12-03,Sunday,6.9879999999999995
1,C'E' Ancora Domani,2023-10-26,ITA,Vision Distribution,197553.67,34241,27492697.6,4016331,2023-12-05,81,2023-12-04,Monday,5.769506439648375
2,Napoleon,2023-11-23,USA,Eagle Pictures S.P.A.,104951.45,15288,5650431.72,754673,2023-12-05,53,2023-12-04,Monday,6.864956174777603
3,Hunger Games - La Ballata Dell'Usignolo E Del Serpente,2023-11-15,USA,Medusa Film S.P.A.,36804.53,5221,4949170.68,653575,2023-12-05,61,2023-12-04,Monday,7.0493257996552385
4,Paolo Conte Alla Scala - Il Maestro E' Nell'Anima,2023-12-04,ITA,Medusa Film S.P.A.,32100.02,3775,32100.02,3775,2023-12-05,42,2023-12-04,Monday,8.503316556291391
5,Diabolik - Chi Sei?,2023-11-30,ITA,01 Distribution,24191.99,3936,358522.24,52100,2023-12-05,46,2023-12-04,Monday,6.146338922764228
6,Cento Domeniche,2023-11-23,ITA,Vision Distribution,23231.92,3977,1227332.55,186667,2023-12-05,53,2023-12-04,Monday,5.841569021875785
7,La Guerra Dei Nonni,2023-11-30,ITA,Medusa Film S.P.A.,17570.82,2920,324818.68,47701,2023-12-05,46,2023-12-04,Monday,6.017404109589041
8,Palazzina Laf,2023-11-30,ITA,Bim Distrib. S.R.L.,16013.99,2599,214463.13,32587,2023-12-05,46,2023-12-04,Monday,6.161596767987687
9,Home Education - Le Regole Del Male,2023-11-30,ITA,Warner Bros Italia S.P.A.,15896.24,2253,237438.74,30385,2023-12-05,46,2023-12-04,Monday,7.055588104749223
10,Godzilla Minus One,2023-12-01,JPN,Nexo Digital S.P.A.,15162.06,1646,77014.47,8459,2023-12-05,45,2023-12-04,Monday,9.21145808019441
1,C'E' Ancora Domani,2023-10-26,ITA,Vision Distribution,242750.24,41559,27734707.84,4057666,2023-12-06,81,2023-12-05,Tuesday,5.841099160230034
2,Napoleon,2023-11-23,USA,Eagle Pictures S.P.A.,127837.46,18788,5779023.18,773566,2023-12-06,53,2023-12-05,Tuesday,6.804208005109645
3,Paolo Conte Alla Scala - Il Maestro E' Nell'Anima,2023-12-04,ITA,Medusa Film S.P.A.,52722.29,6095,84822.31,9870,2023-12-06,42,2023-12-05,Tuesday,8.650088597210829
4,Hunger Games - La Ballata Dell'Usignolo E Del Serpente,2023-11-15,USA,Medusa Film S.P.A.,47366.43,6718,4996537.11,660293,2023-12-06,61,2023-12-05,Tuesday,7.050674307829711
5,Diabolik - Chi Sei?,2023-11-30,ITA,01 Distribution,26555.81,4363,385106.55,56467,2023-12-06,46,2023-12-05,Tuesday,6.086594086637635
6,Cento Domeniche,2023-11-23,ITA,Vision Distribution,25356.48,4336,1252711.03,191007,2023-12-06,53,2023-12-05,Tuesday,5.84789667896679
7,I Goonies 4K - Wb 100Th Anniversary,2023-12-04,USA,Warner Bros Italia S.P.A.,20816.21,2819,34612.42,4659,2023-12-06,42,2023-12-05,Tuesday,7.384253281305427
8,La Guerra Dei Nonni,2023-11-30,ITA,Medusa Film S.P.A.,20438.73,3496,345325.41,51207,2023-12-06,46,2023-12-05,Tuesday,5.846318649885584
9,Palazzina Laf,2023-11-30,ITA,Bim Distrib. S.R.L.,19112.95,3269,233576.08,35856,2023-12-06,46,2023-12-05,Tuesday,5.846726827776078
10,Godzilla Minus One,2023-12-01,JPN,Nexo Digital S.P.A.,17932.78,1947,94947.25,10406,2023-12-06,45,2023-12-05,Tuesday,9.210467385721623
1,C'E' Ancora Domani,2023-10-26,ITA,Vision Distribution,251885.88,45187,27989772.22,4103382,2023-12-07,81,2023-12-06,Wednesday,5.574299687963352
2,Napoleon,2023-11-23,USA,Eagle Pictures S.P.A.,143567.57,22133,5922950.75,795746,2023-12-07,53,2023-12-06,Wednesday,6.486584285907921
3,Un Colpo Di Fortuna (Coup De Chance),2023-12-06,GBR,Lucky Red Distrib.,67984.99,10466,133164.47,19668,2023-12-07,40,2023-12-06,Wednesday,6.4957949550926815
4,Paolo Conte Alla Scala - Il Maestro E' Nell'Anima,2023-12-04,ITA,Medusa Film S.P.A.,43410.18,5054,128306.49,14932,2023-12-07,42,2023-12-06,Wednesday,8.589271863870202
5,Hunger Games - La Ballata Dell'Usignolo E Del Serpente,2023-11-15,USA,Medusa Film S.P.A.,43064.37,6301,5039601.48,666594,2023-12-07,61,2023-12-06,Wednesday,6.834529439771465
6,Cento Domeniche,2023-11-23,ITA,Vision Distribution,27942.51,4975,1280693.54,195989,2023-12-07,53,2023-12-06,Wednesday,5.616584924623115
7,Diabolik - Chi Sei?,2023-11-30,ITA,01 Distribution,27309.11,4618,412497.66,61096,2023-12-07,46,2023-12-06,Wednesday,5.913622780424427
8,Palazzina Laf,2023-11-30,ITA,Bim Distrib. S.R.L.,21637.51,3989,255274.09,39856,2023-12-07,46,2023-12-06,Wednesday,5.424294309350714
9,Godzilla Minus One,2023-12-01,JPN,Nexo Digital S.P.A.,21415.8,2280,116363.05,12686,2023-12-07,45,2023-12-06,Wednesday,9.392894736842106
10,La Guerra Dei Nonni,2023-11-30,ITA,Medusa Film S.P.A.,20318.2,3559,365772.61,54782,2023-12-07,46,2023-12-06,Wednesday,5.70896319190784
1,C'E' Ancora Domani,2023-10-26,ITA,Vision Distribution,251595.18,40262,28243872.4,4144235,2023-12-08,81,2023-12-07,Thursday,6.2489488848045305
2,Napoleon,2023-11-23,USA,Eagle Pictures S.P.A.,161848.11,21340,6085317.86,817174,2023-12-08,53,2023-12-07,Thursday,7.584260074976569
3,Prendi Il Volo (Migration),2023-12-07,USA,Universal S.R.L.,105314.91,15765,529248.25,75882,2023-12-08,39,2023-12-07,Thursday,6.680298763082779
4,Un Colpo Di Fortuna (Coup De Chance),2023-12-06,GBR,Lucky Red Distrib.,98933.48,14541,233515.85,34426,2023-12-08,40,2023-12-07,Thursday,6.803760401622997
5,Hunger Games - La Ballata Dell'Usignolo E Del Serpente,2023-11-15,USA,Medusa Film S.P.A.,57965.82,7462,5097707.3,674081,2023-12-08,61,2023-12-07,Thursday,7.768134548378451
6,Improvvisamente A Natale Mi Sposo,2023-11-12,ITA,Notorious Pict. S.P.A.,30699.75,4448,45303.91,6711,2023-12-08,64,2023-12-07,Thursday,6.9019222122302155
7,Cento Domeniche,2023-11-23,ITA,Vision Distribution,30051.29,4420,1309394.33,200152,2023-12-08,53,2023-12-07,Thursday,6.798934389140272
8,Diabolik - Chi Sei?,2023-11-30,ITA,01 Distribution,29240.62,4217,441827.28,65331,2023-12-08,46,2023-12-07,Thursday,6.933986246146549
9,Ferrari,2023-12-07,USA,01 Distribution,28661.6,3288,30061.6,3470,2023-12-08,39,2023-12-07,Thursday,8.717031630170316
10,Home Education - Le Regole Del Male,2023-11-30,ITA,Warner Bros Italia S.P.A.,23788.12,2979,293148.23,38056,2023-12-08,46,2023-12-07,Thursday,7.985270224907687
1,C'E' Ancora Domani,2023-10-26,ITA,Vision Distribution,501539.94,66358,28745905.34,4210665,2023-12-09,81,2023-12-08,Friday,7.558093070918352
2,Prendi Il Volo (Migration),2023-12-07,USA,Universal S.R.L.,431827.13,60374,961273.88,136288,2023-12-09,39,2023-12-08,Friday,7.152534700367708
3,Napoleon,2023-11-23,USA,Eagle Pictures S.P.A.,393016.46,49991,6479023.82,867270,2023-12-09,53,2023-12-08,Friday,7.861744313976517
4,Un Colpo Di Fortuna (Coup De Chance),2023-12-06,GBR,Lucky Red Distrib.,318584.42,44799,558368.07,80204,2023-12-09,40,2023-12-08,Friday,7.111418112011428
5,Cento Domeniche,2023-11-23,ITA,Vision Distribution,125193.32,18083,1434770.65,218259,2023-12-09,53,2023-12-08,Friday,6.923260520931262
6,Hunger Games - La Ballata Dell'Usignolo E Del Serpente,2023-11-15,USA,Medusa Film S.P.A.,122507.65,15193,5220244.95,689279,2023-12-09,61,2023-12-08,Friday,8.06342723622721
7,Improvvisamente A Natale Mi Sposo,2023-11-12,ITA,Notorious Pict. S.P.A.,96489.74,13397,141808.65,20111,2023-12-09,64,2023-12-08,Friday,7.2023393297006795
8,La Guerra Dei Nonni,2023-11-30,ITA,Medusa Film S.P.A.,76583.58,11056,462339.14,68853,2023-12-09,46,2023-12-08,Friday,6.92687952243126
9,Diabolik - Chi Sei?,2023-11-30,ITA,01 Distribution,70508.56,9735,512381.84,75074,2023-12-09,46,2023-12-08,Friday,7.242789933230611
10,La Chimera,2023-11-23,ITA,01 Distribution,47963.75,6324,360234.55,53005,2023-12-09,53,2023-12-08,Friday,7.5844006957621755
1,C'E' Ancora Domani,2023-10-26,ITA,Vision Distribution,419047.04,55571,29167413.88,4266561,2023-12-10,81,2023-12-09,Saturday,7.540750391391193
2,Napoleon,2023-11-23,USA,Eagle Pictures S.P.A.,350813.95,44465,6831773.77,911990,2023-12-10,53,2023-12-09,Saturday,7.889664904981446
3,Prendi Il Volo (Migration),2023-12-07,USA,Universal S.R.L.,349903.45,49329,1313458.83,185951,2023-12-10,39,2023-12-09,Saturday,7.0932605566705185
4,Un Colpo Di Fortuna (Coup De Chance),2023-12-06,GBR,Lucky Red Distrib.,295742.7,41721,856753.77,122307,2023-12-10,40,2023-12-09,Saturday,7.088581289997843
5,Hunger Games - La Ballata Dell'Usignolo E Del Serpente,2023-11-15,USA,Medusa Film S.P.A.,120965.0,15049,5341341.95,704346,2023-12-10,61,2023-12-09,Saturday,8.038075619642502
6,Cento Domeniche,2023-11-23,ITA,Vision Distribution,108236.95,15769,1545139.07,234369,2023-12-10,53,2023-12-09,Saturday,6.863907032785845
7,Improvvisamente A Natale Mi Sposo,2023-11-12,ITA,Notorious Pict. S.P.A.,93194.54,12820,235234.19,32966,2023-12-10,64,2023-12-09,Saturday,7.269464898595944
8,Diabolik - Chi Sei?,2023-11-30,ITA,01 Distribution,68426.69,9305,581168.53,84422,2023-12-10,46,2023-12-09,Saturday,7.353754970445997
9,La Guerra Dei Nonni,2023-11-30,ITA,Medusa Film S.P.A.,66173.9,9586,528769.04,78479,2023-12-10,46,2023-12-09,Saturday,6.903181723346546
10,Home Education - Le Regole Del Male,2023-11-30,ITA,Warner Bros Italia S.P.A.,48297.92,5831,376182.74,48085,2023-12-10,46,2023-12-09,Saturday,8.282956611215914
1,C'E' Ancora Domani,2023-10-26,ITA,Vision Distribution,375999.18,50946,29545178.58,4317793,2023-12-11,81,2023-12-10,Sunday,7.38034742668708
2,Prendi Il Volo (Migration),2023-12-07,USA,Universal S.R.L.,350618.62,49860,1666319.59,236159,2023-12-11,39,2023-12-10,Sunday,7.032062174087445
3,Un Colpo Di Fortuna (Coup De Chance),2023-12-06,GBR,Lucky Red Distrib.,279333.1,40161,1137033.87,162607,2023-12-11,40,2023-12-10,Sunday,6.955332287542641
4,Napoleon,2023-11-23,USA,Eagle Pictures S.P.A.,270282.68,35146,7103687.45,947371,2023-12-11,53,2023-12-10,Sunday,7.690282820235589
5,Cento Domeniche,2023-11-23,ITA,Vision Distribution,113522.39,17096,1662966.0,252199,2023-12-11,53,2023-12-10,Sunday,6.640289541413196
6,Improvvisamente A Natale Mi Sposo,2023-11-12,ITA,Notorious Pict. S.P.A.,78546.61,11210,314044.8,44219,2023-12-11,64,2023-12-10,Sunday,7.006834076717217
7,Hunger Games - La Ballata Dell'Usignolo E Del Serpente,2023-11-15,USA,Medusa Film S.P.A.,77065.08,9788,5418490.03,714145,2023-12-11,61,2023-12-10,Sunday,7.873424601552922
8,La Guerra Dei Nonni,2023-11-30,ITA,Medusa Film S.P.A.,74211.61,10980,603306.65,89511,2023-12-11,46,2023-12-10,Sunday,6.758798724954462
9,Diabolik - Chi Sei?,2023-11-30,ITA,01 Distribution,53408.23,7422,635093.26,91919,2023-12-11,46,2023-12-10,Sunday,7.195935057935867
10,Palazzina Laf,2023-11-30,ITA,Bim Distrib. S.R.L.,52740.06,7676,421477.24,64370,2023-12-11,46,2023-12-10,Sunday,6.870773840541949
1,C'E' Ancora Domani,2023-10-26,ITA,Vision Distribution,114389.65,20336,29669536.23,4339584,2023-12-12,81,2023-12-11,Monday,5.624982789142408
2,Napoleon,2023-11-23,USA,Eagle Pictures S.P.A.,53599.93,7989,7160605.58,955752,2023-12-12,53,2023-12-11,Monday,6.709216422581049
3,Un Colpo Di Fortuna (Coup De Chance),2023-12-06,GBR,Lucky Red Distrib.,46893.78,7819,1186819.35,170800,2023-12-12,40,2023-12-11,Monday,5.997413991559022
4,Prendi Il Volo (Migration),2023-12-07,USA,Universal S.R.L.,34664.84,5853,1705179.84,242553,2023-12-12,39,2023-12-11,Monday,5.922576456518025
5,La Chimera,2023-11-23,ITA,01 Distribution,19312.73,2910,474584.27,68610,2023-12-12,53,2023-12-11,Monday,6.636676975945017
6,Hunger Games - La Ballata Dell'Usignolo E Del Serpente,2023-11-15,USA,Medusa Film S.P.A.,19045.46,2611,5438956.99,716919,2023-12-12,61,2023-12-11,Monday,7.294316353887399
7,Cento Domeniche,2023-11-23,ITA,Vision Distribution,16004.28,2817,1682523.16,255527,2023-12-12,53,2023-12-11,Monday,5.681320553780618
8,Improvvisamente A Natale Mi Sposo,2023-11-12,ITA,Notorious Pict. S.P.A.,11371.01,1779,325582.81,46024,2023-12-12,64,2023-12-11,Monday,6.391798763350197
9,Palazzina Laf,2023-11-30,ITA,Bim Distrib. S.R.L.,10706.23,1764,432183.47,66134,2023-12-12,46,2023-12-11,Monday,6.069291383219954
10,Ferrari,2023-12-07,USA,01 Distribution,10234.8,1336,143186.38,16731,2023-12-12,39,2023-12-11,Monday,7.660778443113772
1,C'E' Ancora Domani,2023-10-26,ITA,Vision Distribution,141734.25,25490,29816823.28,4366141,2023-12-13,81,2023-12-12,Tuesday,5.560386426049432
2,Un Colpo Di Fortuna (Coup De Chance),2023-12-06,GBR,Lucky Red Distrib.,55434.91,9262,1242633.46,180126,2023-12-13,40,2023-12-12,Tuesday,5.985198661196287
3,Napoleon,2023-11-23,USA,Eagle Pictures S.P.A.,52446.24,7913,7213550.32,963740,2023-12-13,53,2023-12-12,Tuesday,6.62785795526349
4,"Io, Noi E Gaber",2023-11-06,ITA,Lucky Red Distrib.,46328.2,6658,546846.34,73553,2023-12-13,70,2023-12-12,Tuesday,6.958275758486032
5,Prendi Il Volo (Migration),2023-12-07,USA,Universal S.R.L.,37969.8,6217,1743622.14,248864,2023-12-13,39,2023-12-12,Tuesday,6.107415152002574
6,Hunger Games - La Ballata Dell'Usignolo E Del Serpente,2023-11-15,USA,Medusa Film S.P.A.,19857.75,2862,5458913.44,719796,2023-12-13,61,2023-12-12,Tuesday,6.938417190775682
7,Royal Opera House 2023/2024,2023-09-20,GBR,Nexo Digital S.P.A.,19784.5,1916,35873.5,3496,2023-12-13,117,2023-12-12,Tuesday,10.325939457202505
8,Cento Domeniche,2023-11-23,ITA,Vision Distribution,17048.16,3139,1699596.22,258669,2023-12-13,53,2023-12-12,Tuesday,5.431079961771265
9,La Chimera,2023-11-23,ITA,01 Distribution,16355.25,2514,490939.52,71124,2023-12-13,53,2023-12-12,Tuesday,6.505668257756564
10,Io Capitano,2023-09-07,COP,01 Distribution,13680.66,3693,4393050.96,773435,2023-12-13,130,2023-12-12,Tuesday,3.7044841592201463
1,C'E' Ancora Domani,2023-10-26,ITA,Vision Distribution,157361.75,29227,29976654.43,4395868,2023-12-14,81,2023-12-13,Wednesday,5.384122557908783
2,Napoleon,2023-11-23,USA,Eagle Pictures S.P.A.,63772.88,10160,7277550.2,973934,2023-12-14,53,2023-12-13,Wednesday,6.276858267716535
3,Un Colpo Di Fortuna (Coup De Chance),2023-12-06,GBR,Lucky Red Distrib.,63352.58,11247,1306085.94,191390,2023-12-14,40,2023-12-13,Wednesday,5.632842535787321
4,"Io, Noi E Gaber",2023-11-06,ITA,Lucky Red Distrib.,50717.52,7301,597563.86,80854,2023-12-14,70,2023-12-13,Wednesday,6.946653883029722
5,Prendi Il Volo (Migration),2023-12-07,USA,Universal S.R.L.,47904.41,8413,1791726.55,257314,2023-12-14,39,2023-12-13,Wednesday,5.694093664566743
6,Hunger Games - La Ballata Dell'Usignolo E Del Serpente,2023-11-15,USA,Medusa Film S.P.A.,22025.84,3349,5480974.38,723152,2023-12-14,61,2023-12-13,Wednesday,6.576840848014332
7,La Chimera,2023-11-23,ITA,01 Distribution,20828.53,3606,511768.05,74730,2023-12-14,53,2023-12-13,Wednesday,5.776075984470327
8,Cento Domeniche,2023-11-23,ITA,Vision Distribution,17223.75,3082,1716819.97,261751,2023-12-14,53,2023-12-13,Wednesday,5.588497728747567
9,Palazzina Laf,2023-11-30,ITA,Bim Distrib. S.R.L.,13857.35,2633,455603.32,70399,2023-12-14,46,2023-12-13,Wednesday,5.262951006456514
10,Diabolik - Chi Sei?,2023-11-30,ITA,01 Distribution,13532.24,2362,670001.95,97643,2023-12-14,46,2023-12-13,Wednesday,5.729144792548688
1,Wonka,2023-12-14,USA,Warner Bros Italia S.P.A.,412146.23,57049,418583.53,57860,2023-12-15,32,2023-12-14,Thursday,7.224425143297866
2,Santocielo,2023-12-14,ITA,Medusa Film S.P.A.,124073.4,18372,148721.24,21592,2023-12-15,32,2023-12-14,Thursday,6.753396472893534
3,Ferrari,2023-12-07,USA,01 Distribution,106480.12,14843,270450.26,34401,2023-12-15,39,2023-12-14,Thursday,7.173760021558984
4,C'E' Ancora Domani,2023-10-26,ITA,Vision Distribution,89587.46,16829,30070045.21,4413504,2023-12-15,81,2023-12-14,Thursday,5.323397706340247
5,Adagio,2023-12-14,ITA,Vision Distribution,43466.9,6546,50653.7,7546,2023-12-15,32,2023-12-14,Thursday,6.640223036969141
6,Un Colpo Di Fortuna (Coup De Chance),2023-12-06,GBR,Lucky Red Distrib.,30841.69,4876,1337446.23,196356,2023-12-15,40,2023-12-14,Thursday,6.325203035274815
7,Napoleon,2023-11-23,USA,Eagle Pictures S.P.A.,26647.04,3739,7305498.6,977925,2023-12-15,53,2023-12-14,Thursday,7.126782562182402
8,Prendi Il Volo (Migration),2023-12-07,USA,Universal S.R.L.,19771.32,3376,1812036.47,260789,2023-12-15,39,2023-12-14,Thursday,5.8564336492891
9,La Chimera,2023-11-23,ITA,01 Distribution,14609.8,2172,526430.85,76911,2023-12-15,53,2023-12-14,Thursday,6.726427255985267
10,Hunger Games - La Ballata Dell'Usignolo E Del Serpente,2023-11-15,USA,Medusa Film S.P.A.,6272.7,864,5487392.48,724040,2023-12-15,61,2023-12-14,Thursday,7.2600694444444445
1,Wonka,2023-12-14,USA,Warner Bros Italia S.P.A.,545043.72,74073,966798.25,132366,2023-12-16,32,2023-12-15,Friday,7.3581969138552505
2,Santocielo,2023-12-14,ITA,Medusa Film S.P.A.,177157.71,25907,328682.35,47776,2023-12-16,32,2023-12-15,Friday,6.838217856177867
3,Ferrari,2023-12-07,USA,01 Distribution,131697.6,18006,403649.46,52597,2023-12-16,39,2023-12-15,Friday,7.3140953015661445
4,C'E' Ancora Domani,2023-10-26,ITA,Vision Distribution,128849.87,22352,30200146.98,4436076,2023-12-16,81,2023-12-15,Friday,5.764579008589835
5,Adagio,2023-12-14,ITA,Vision Distribution,61684.28,9056,112148.38,16623,2023-12-16,32,2023-12-15,Friday,6.81142667844523
6,Un Colpo Di Fortuna (Coup De Chance),2023-12-06,GBR,Lucky Red Distrib.,47870.59,7147,1385559.82,203547,2023-12-16,40,2023-12-15,Friday,6.6979977612984465
7,Napoleon,2023-11-23,USA,Eagle Pictures S.P.A.,41410.46,5587,7347085.56,983534,2023-12-16,53,2023-12-15,Friday,7.411931269017361
8,Prendi Il Volo (Migration),2023-12-07,USA,Universal S.R.L.,39831.42,6509,1852001.29,267316,2023-12-16,39,2023-12-15,Friday,6.119437701643878
9,La Chimera,2023-11-23,ITA,01 Distribution,17089.22,2412,543694.07,79349,2023-12-16,53,2023-12-15,Friday,7.085082918739635
10,Hunger Games - La Ballata Dell'Usignolo E Del Serpente,2023-11-15,USA,Medusa Film S.P.A.,12602.15,1685,5499994.63,725725,2023-12-16,61,2023-12-15,Friday,7.479020771513353
1,Wonka,2023-12-14,USA,Warner Bros Italia S.P.A.,1133583.01,145370,2101493.26,277891,2023-12-17,32,2023-12-16,Saturday,7.797915732269382
2,Santocielo,2023-12-14,ITA,Medusa Film S.P.A.,453987.72,63762,783449.97,111672,2023-12-17,32,2023-12-16,Saturday,7.120035757974969
3,Ferrari,2023-12-07,USA,01 Distribution,303074.03,39530,707269.59,92205,2023-12-17,39,2023-12-16,Saturday,7.666937262838351
4,C'E' Ancora Domani,2023-10-26,ITA,Vision Distribution,188953.93,25817,30389550.81,4461978,2023-12-17,81,2023-12-16,Saturday,7.318973157221985
5,Adagio,2023-12-14,ITA,Vision Distribution,148242.42,20298,260597.8,36952,2023-12-17,32,2023-12-16,Saturday,7.303301803133314
6,Prendi Il Volo (Migration),2023-12-07,USA,Universal S.R.L.,127197.84,18337,1979199.13,285653,2023-12-17,39,2023-12-16,Saturday,6.936676664667067
7,Un Colpo Di Fortuna (Coup De Chance),2023-12-06,GBR,Lucky Red Distrib.,125332.61,17443,1511276.63,221055,2023-12-17,40,2023-12-16,Saturday,7.18526686923121
8,Napoleon,2023-11-23,USA,Eagle Pictures S.P.A.,105904.7,13381,7453008.26,996917,2023-12-17,53,2023-12-16,Saturday,7.914557955309768
9,Seventeen Tour Follow To Japan: Live Viewing,2023-12-16,KOR,Indipendenti Regionali,66089.87,3121,66089.87,3121,2023-12-17,30,2023-12-16,Saturday,21.175863505286767
10,La Chimera,2023-11-23,ITA,01 Distribution,33064.28,4570,576758.35,83919,2023-12-17,53,2023-12-16,Saturday,7.2350722100656455
1,Wonka,2023-12-14,USA,Warner Bros Italia S.P.A.,1020192.73,134113,3123269.49,412328,2023-12-18,32,2023-12-17,Sunday,7.606963754445878
2,Santocielo,2023-12-14,ITA,Medusa Film S.P.A.,510752.49,72632,1298765.96,185039,2023-12-18,32,2023-12-17,Sunday,7.032058734442119
3,Ferrari,2023-12-07,USA,01 Distribution,280286.47,37388,987746.56,129683,2023-12-18,39,2023-12-17,Sunday,7.496695998716165
4,C'E' Ancora Domani,2023-10-26,ITA,Vision Distribution,199047.01,26460,30591971.32,4488930,2023-12-18,81,2023-12-17,Sunday,7.522562736205594
5,Prendi Il Volo (Migration),2023-12-07,USA,Universal S.R.L.,163714.11,23300,2143090.74,308983,2023-12-18,39,2023-12-17,Sunday,7.026356652360515
6,Adagio,2023-12-14,ITA,Vision Distribution,129266.54,18176,389864.34,55128,2023-12-18,32,2023-12-17,Sunday,7.111935519366197
7,Un Colpo Di Fortuna (Coup De Chance),2023-12-06,GBR,Lucky Red Distrib.,123200.25,17527,1635339.88,238713,2023-12-18,40,2023-12-17,Sunday,7.029169281679694
8,Napoleon,2023-11-23,USA,Eagle Pictures S.P.A.,80429.25,10324,7533437.51,1007241,2023-12-18,53,2023-12-17,Sunday,7.790512398295235
9,La Chimera,2023-11-23,ITA,01 Distribution,37888.24,5230,615026.59,89211,2023-12-18,53,2023-12-17,Sunday,7.244405353728489
10,Cento Domeniche,2023-11-23,ITA,Vision Distribution,32348.33,5239,1782135.73,272245,2023-12-18,53,2023-12-17,Sunday,6.174523764077114
1,Wonka,2023-12-14,USA,Warner Bros Italia S.P.A.,241618.88,34418,3374915.11,448026,2023-12-19,32,2023-12-18,Monday,7.020131326631414
2,C'E' Ancora Domani,2023-10-26,ITA,Vision Distribution,109848.64,20389,30704150.06,4509623,2023-12-19,81,2023-12-18,Monday,5.387642356172446
3,Santocielo,2023-12-14,ITA,Medusa Film S.P.A.,89835.79,13595,1392707.75,199222,2023-12-19,32,2023-12-18,Monday,6.608002206693637
4,Ferrari,2023-12-07,USA,01 Distribution,74716.34,11004,1067713.0,141342,2023-12-19,39,2023-12-18,Monday,6.7899254816430386
5,Adagio,2023-12-14,ITA,Vision Distribution,32437.84,5008,423114.08,60230,2023-12-19,32,2023-12-18,Monday,6.47720447284345
6,Doc. Nelle Tue Mani - Stagione 3,2023-12-19,ITA,Lux Vide,24723.85,2709,24723.85,2709,2023-12-19,27,2023-12-18,Monday,9.126559616094498
7,Un Colpo Di Fortuna (Coup De Chance),2023-12-06,GBR,Lucky Red Distrib.,21786.56,3527,1658058.94,242422,2023-12-19,40,2023-12-18,Monday,6.177079671108591
8,Napoleon,2023-11-23,USA,Eagle Pictures S.P.A.,21475.34,3178,7555884.75,1010532,2023-12-19,53,2023-12-18,Monday,6.757501573316551
9,Io Capitano,2023-09-07,COP,01 Distribution,16416.0,3949,4429523.46,782050,2023-12-19,130,2023-12-18,Monday,4.157001772600658
10,Prendi Il Volo (Migration),2023-12-07,USA,Universal S.R.L.,16153.17,2815,2161436.91,312094,2023-12-19,39,2023-12-18,Monday,5.738248667850799
1,Wonka,2023-12-14,USA,Warner Bros Italia S.P.A.,263421.39,37290,3646501.9,486298,2023-12-20,32,2023-12-19,Tuesday,7.064129525341915
2,Santocielo,2023-12-14,ITA,Medusa Film S.P.A.,110167.04,16857,1504231.39,216252,2023-12-20,32,2023-12-19,Tuesday,6.535388266002254
3,C'E' Ancora Domani,2023-10-26,ITA,Vision Distribution,108363.47,19654,30815651.23,4529913,2023-12-20,81,2023-12-19,Tuesday,5.513558054340083
4,Ferrari,2023-12-07,USA,01 Distribution,82749.54,11992,1152657.14,153617,2023-12-20,39,2023-12-19,Tuesday,6.900395263509005
5,Adagio,2023-12-14,ITA,Vision Distribution,37750.93,5854,462634.91,66326,2023-12-20,32,2023-12-19,Tuesday,6.448741031773147
6,Un Colpo Di Fortuna (Coup De Chance),2023-12-06,GBR,Lucky Red Distrib.,27294.93,4510,1685582.77,246966,2023-12-20,40,2023-12-19,Tuesday,6.052090909090909
7,Napoleon,2023-11-23,USA,Eagle Pictures S.P.A.,24890.15,3736,7581898.9,1014551,2023-12-20,53,2023-12-19,Tuesday,6.662245717344754
8,Doc. Nelle Tue Mani - Stagione 3,2023-12-19,ITA,Lux Vide,18930.1,2059,45720.85,5002,2023-12-20,27,2023-12-19,Tuesday,9.193831957260805
9,Prendi Il Volo (Migration),2023-12-07,USA,Universal S.R.L.,17726.89,3146,2180008.9,315377,2023-12-20,39,2023-12-19,Tuesday,5.634739351557533
10,La Chimera,2023-11-23,ITA,01 Distribution,14080.14,2124,645530.7,93949,2023-12-20,53,2023-12-19,Tuesday,6.629067796610169
1,Wonka,2023-12-14,USA,Warner Bros Italia S.P.A.,251733.8,37960,3900191.9,524548,2023-12-21,32,2023-12-20,Wednesday,6.6315542676501575
2,Aquaman E Il Regno Perduto (Aquaman And The Lost Kingdom),2023-12-20,USA,Warner Bros Italia S.P.A.,162175.91,21631,162175.91,21631,2023-12-21,26,2023-12-20,Wednesday,7.497383847256253
3,C'E' Ancora Domani,2023-10-26,ITA,Vision Distribution,119705.85,23180,30935856.88,4553169,2023-12-21,81,2023-12-20,Wednesday,5.164186798964625
4,Santocielo,2023-12-14,ITA,Medusa Film S.P.A.,95196.16,15006,1607774.25,232576,2023-12-21,32,2023-12-20,Wednesday,6.343873117419699
5,Ferrari,2023-12-07,USA,01 Distribution,81833.29,12679,1234793.53,166351,2023-12-21,39,2023-12-20,Wednesday,6.454238504613928
6,Adagio,2023-12-14,ITA,Vision Distribution,36099.75,5931,498950.36,72293,2023-12-21,32,2023-12-20,Wednesday,6.086621143146181
7,Un Colpo Di Fortuna (Coup De Chance),2023-12-06,GBR,Lucky Red Distrib.,24196.86,4127,1710014.83,251132,2023-12-21,40,2023-12-20,Wednesday,5.863062757450933
8,Prendi Il Volo (Migration),2023-12-07,USA,Universal S.R.L.,19553.18,3494,2199575.98,318873,2023-12-21,39,2023-12-20,Wednesday,5.59621637092158
9,Napoleon,2023-11-23,USA,Eagle Pictures S.P.A.,17349.13,2802,7599983.73,1017521,2023-12-21,53,2023-12-20,Wednesday,6.191695217701642
10,La Chimera,2023-11-23,ITA,01 Distribution,16798.3,2810,662329.0,96759,2023-12-21,53,2023-12-20,Wednesday,5.9780427046263345
1,Wonka,2023-12-14,GBR,Warner Bros Italia S.P.A.,214318.17,30057,4116871.68,554916,2023-12-22,32,2023-12-21,Thursday,7.130391256612437
2,Wish,2023-12-21,USA,Walt Disney S.M.P. Italia,151593.44,23033,151593.44,23033,2023-12-22,25,2023-12-21,Thursday,6.581575999652673
3,Aquaman E Il Regno Perduto (Aquaman And The Lost Kingdom),2023-12-20,USA,Warner Bros Italia S.P.A.,130616.98,17757,294909.25,39633,2023-12-22,26,2023-12-21,Thursday,7.355802218843273
4,C'E' Ancora Domani,2023-10-26,ITA,Vision Distribution,91900.4,18058,31028787.18,4571428,2023-12-22,81,2023-12-21,Thursday,5.08917931110865
5,Santocielo,2023-12-14,ITA,Medusa Film S.P.A.,85179.96,13699,1694056.71,246434,2023-12-22,32,2023-12-21,Thursday,6.21796919483174
6,Reinassance: A Film By Beyonce',2023-12-21,USA,Nexo Digital S.P.A.,84831.0,4910,84831.0,4910,2023-12-22,25,2023-12-21,Thursday,17.277189409368635
7,Ferrari,2023-12-07,USA,01 Distribution,63940.13,9006,1299410.15,175467,2023-12-22,39,2023-12-21,Thursday,7.099725738396624
8,Adagio,2023-12-14,ITA,Vision Distribution,24693.04,3612,523900.49,75944,2023-12-22,32,2023-12-21,Thursday,6.836389811738649
9,Foglie Al Vento (Fallen Leaves),2023-12-21,FIN,Lucky Red Distrib.,21750.78,3418,35449.38,5181,2023-12-22,25,2023-12-21,Thursday,6.363598595669982
10,One Life,2023-12-21,USA,Eagle Pictures S.P.A.,19668.59,3105,19668.59,3105,2023-12-22,25,2023-12-21,Thursday,6.334489533011272
1,Wonka,2023-12-14,GBR,Warner Bros Italia S.P.A.,360059.57,49655,4478273.85,604784,2023-12-23,32,2023-12-22,Friday,7.251224851475179
2,Wish,2023-12-21,USA,Walt Disney S.M.P. Italia,213365.61,32439,365244.55,55528,2023-12-23,25,2023-12-22,Friday,6.577441043188754
3,Aquaman E Il Regno Perduto (Aquaman And The Lost Kingdom),2023-12-20,USA,Warner Bros Italia S.P.A.,203338.55,26809,498503.9,66471,2023-12-23,26,2023-12-22,Friday,7.584712223507031
4,C'E' Ancora Domani,2023-10-26,ITA,Vision Distribution,134996.84,26421,31163887.02,4597838,2023-12-23,81,2023-12-22,Friday,5.109452329586314
5,Santocielo,2023-12-14,ITA,Medusa Film S.P.A.,110355.4,15842,1804045.11,262195,2023-12-23,32,2023-12-22,Friday,6.966001767453604
6,Ferrari,2023-12-07,USA,01 Distribution,93355.08,12902,1392851.83,188380,2023-12-23,39,2023-12-22,Friday,7.235706092078748
7,Reinassance: A Film By Beyonce',2023-12-21,USA,Nexo Digital S.P.A.,58685.0,3347,143516.0,8257,2023-12-23,25,2023-12-22,Friday,17.533612190020914
8,Adagio,2023-12-14,ITA,Vision Distribution,31068.71,4352,554993.2,80300,2023-12-23,32,2023-12-22,Friday,7.138949908088235
9,One Life,2023-12-21,USA,Eagle Pictures S.P.A.,30395.33,4603,50084.92,7710,2023-12-23,25,2023-12-22,Friday,6.603373886595699
10,Foglie Al Vento (Fallen Leaves),2023-12-21,FIN,Lucky Red Distrib.,25014.99,3940,61319.87,9280,2023-12-23,25,2023-12-22,Friday,6.3489822335025385
1,Wonka,2023-12-14,GBR,Warner Bros Italia S.P.A.,630612.08,81668,5112621.23,686997,2023-12-24,32,2023-12-23,Saturday,7.72165450359994
2,Wish,2023-12-21,USA,Walt Disney S.M.P. Italia,437968.2,61293,805916.55,117228,2023-12-24,25,2023-12-23,Saturday,7.145484802505996
3,Aquaman E Il Regno Perduto (Aquaman And The Lost Kingdom),2023-12-20,USA,Warner Bros Italia S.P.A.,382479.45,47821,883548.65,114657,2023-12-24,26,2023-12-23,Saturday,7.998148303046779
4,Santocielo,2023-12-14,ITA,Medusa Film S.P.A.,242817.81,33776,2050770.12,296560,2023-12-24,32,2023-12-23,Saturday,7.189063536238749
5,Ferrari,2023-12-07,USA,01 Distribution,183852.49,24215,1577908.82,212771,2023-12-24,39,2023-12-23,Saturday,7.592504232913483
6,C'E' Ancora Domani,2023-10-26,ITA,Vision Distribution,102244.68,13911,31267061.7,4611878,2023-12-24,81,2023-12-23,Saturday,7.349915893896916
7,One Life,2023-12-21,USA,Eagle Pictures S.P.A.,73555.46,10381,124303.28,18197,2023-12-24,25,2023-12-23,Saturday,7.085585203737598
8,Foglie Al Vento (Fallen Leaves),2023-12-21,FIN,Lucky Red Distrib.,59838.55,8866,123226.92,18478,2023-12-24,25,2023-12-23,Saturday,6.749216106474171
9,Adagio,2023-12-14,ITA,Vision Distribution,52999.41,7156,608125.11,87476,2023-12-24,32,2023-12-23,Saturday,7.4062898267188375
10,Reinassance: A Film By Beyonce',2023-12-21,USA,Nexo Digital S.P.A.,51263.3,2938,194779.3,11195,2023-12-24,25,2023-12-23,Saturday,17.44836623553438
1,Wonka,2023-12-14,GBR,Warner Bros Italia S.P.A.,271310.9,34791,5388211.43,722423,2023-12-25,32,2023-12-24,Sunday,7.798307033428186
2,Wish,2023-12-21,USA,Walt Disney S.M.P. Italia,230982.15,31736,1039416.4,149394,2023-12-25,25,2023-12-24,Sunday,7.278237648096798
3,Aquaman E Il Regno Perduto (Aquaman And The Lost Kingdom),2023-12-20,USA,Warner Bros Italia S.P.A.,177971.77,22013,1063715.92,137013,2023-12-25,26,2023-12-24,Sunday,8.084848498614454
4,Santocielo,2023-12-14,ITA,Medusa Film S.P.A.,109397.69,14845,2160928.01,311530,2023-12-25,32,2023-12-24,Sunday,7.369329067025935
5,Ferrari,2023-12-07,USA,01 Distribution,81825.41,10609,1660454.53,223496,2023-12-25,39,2023-12-24,Sunday,7.71282967291922
6,C'E' Ancora Domani,2023-10-26,ITA,Vision Distribution,54447.27,7003,31321811.17,4618937,2023-12-25,81,2023-12-24,Sunday,7.774849350278451
7,One Life,2023-12-21,USA,Eagle Pictures S.P.A.,45509.15,6303,170039.73,24540,2023-12-25,25,2023-12-24,Sunday,7.2202363953672855
8,Prendi Il Volo (Migration),2023-12-07,USA,Universal S.R.L.,34014.16,4772,2299889.53,334552,2023-12-25,39,2023-12-24,Sunday,7.127862531433362
9,Foglie Al Vento (Fallen Leaves),2023-12-21,FIN,Lucky Red Distrib.,30276.62,4451,154624.54,23105,2023-12-25,25,2023-12-24,Sunday,6.802206245787463
10,Adagio,2023-12-14,ITA,Vision Distribution,19380.19,2557,627785.6,90081,2023-12-25,32,2023-12-24,Sunday,7.57926867422761
1,Wonka,2023-12-14,GBR,Warner Bros Italia S.P.A.,608740.88,75490,5997544.31,798004,2023-12-26,32,2023-12-25,Monday,8.063861173665385
2,Santocielo,2023-12-14,ITA,Medusa Film S.P.A.,505820.33,67593,2667848.64,379298,2023-12-26,32,2023-12-25,Monday,7.48332416078588
3,Aquaman E Il Regno Perduto (Aquaman And The Lost Kingdom),2023-12-20,USA,Warner Bros Italia S.P.A.,408256.5,48816,1472048.42,185840,2023-12-26,26,2023-12-25,Monday,8.363169862340216
4,Wish,2023-12-21,USA,Walt Disney S.M.P. Italia,373457.45,49445,1413242.35,198902,2023-12-26,25,2023-12-25,Monday,7.552987157447669
5,Ferrari,2023-12-07,USA,01 Distribution,230741.41,29086,1891591.34,252642,2023-12-26,39,2023-12-25,Monday,7.933074675101423
6,C'E' Ancora Domani,2023-10-26,ITA,Vision Distribution,159177.55,20151,31481357.92,4639139,2023-12-26,81,2023-12-25,Monday,7.899238251203414
7,One Life,2023-12-21,USA,Eagle Pictures S.P.A.,97334.18,12760,267412.91,37308,2023-12-26,25,2023-12-25,Monday,7.62807053291536
8,Adagio,2023-12-14,ITA,Vision Distribution,81913.0,10511,709698.6,100592,2023-12-26,32,2023-12-25,Monday,7.793073922557321
9,Foglie Al Vento (Fallen Leaves),2023-12-21,FIN,Lucky Red Distrib.,53409.04,7600,208033.58,30705,2023-12-26,25,2023-12-25,Monday,7.027505263157895
10,Un Colpo Di Fortuna (Coup De Chance),2023-12-06,GBR,Lucky Red Distrib.,50333.14,6539,1845926.75,269740,2023-12-26,40,2023-12-25,Monday,7.697375745526839
1,Wonka,2023-12-14,GBR,Warner Bros Italia S.P.A.,1282077.14,162934,7283139.95,961387,2023-12-27,32,2023-12-26,Tuesday,7.8686900217265885
2,Wish,2023-12-21,USA,Walt Disney S.M.P. Italia,1068840.45,145043,2485408.3,344490,2023-12-27,25,2023-12-26,Tuesday,7.369128120626296
3,Santocielo,2023-12-14,ITA,Medusa Film S.P.A.,865902.76,118778,3540665.9,499167,2023-12-27,32,2023-12-26,Tuesday,7.290093788411996
4,Aquaman E Il Regno Perduto (Aquaman And The Lost Kingdom),2023-12-20,USA,Warner Bros Italia S.P.A.,710760.95,87015,2183853.37,272964,2023-12-27,26,2023-12-26,Tuesday,8.168257771648566
5,Ferrari,2023-12-07,USA,01 Distribution,398130.15,51453,2290707.99,304221,2023-12-27,39,2023-12-26,Tuesday,7.737744154859775
6,C'E' Ancora Domani,2023-10-26,ITA,Vision Distribution,351721.02,45992,31834338.44,4685345,2023-12-27,81,2023-12-26,Tuesday,7.64743911984693
7,One Life,2023-12-21,USA,Eagle Pictures S.P.A.,204756.0,27318,472543.91,64669,2023-12-27,25,2023-12-26,Tuesday,7.4952778387876124
8,Adagio,2023-12-14,ITA,Vision Distribution,133533.68,17386,843260.28,117982,2023-12-27,32,2023-12-26,Tuesday,7.680529161394225
9,Foglie Al Vento (Fallen Leaves),2023-12-21,FIN,Lucky Red Distrib.,124902.99,18104,337565.87,49528,2023-12-27,25,2023-12-26,Tuesday,6.899192996022979
10,Prendi Il Volo (Migration),2023-12-07,USA,Universal S.R.L.,124714.46,17027,2459541.36,356175,2023-12-27,39,2023-12-26,Tuesday,7.324511657955013
1,Wonka,2023-12-14,GBR,Warner Bros Italia S.P.A.,1282077.14,162934,7283139.95,961387,2023-12-27,32,2023-12-26,Tuesday,7.8686900217265885
2,Wish,2023-12-21,USA,Walt Disney S.M.P. Italia,1068840.45,145043,2485408.3,344490,2023-12-27,25,2023-12-26,Tuesday,7.369128120626296
3,Santocielo,2023-12-14,ITA,Medusa Film S.P.A.,865902.76,118778,3540665.9,499167,2023-12-27,32,2023-12-26,Tuesday,7.290093788411996
4,Aquaman E Il Regno Perduto (Aquaman And The Lost Kingdom),2023-12-20,USA,Warner Bros Italia S.P.A.,710760.95,87015,2183853.37,272964,2023-12-27,26,2023-12-26,Tuesday,8.168257771648566
5,Ferrari,2023-12-07,USA,01 Distribution,398130.15,51453,2290707.99,304221,2023-12-27,39,2023-12-26,Tuesday,7.737744154859775
6,C'E' Ancora Domani,2023-10-26,ITA,Vision Distribution,351721.02,45992,31834338.44,4685345,2023-12-27,81,2023-12-26,Tuesday,7.64743911984693
7,One Life,2023-12-21,USA,Eagle Pictures S.P.A.,204756.0,27318,472543.91,64669,2023-12-27,25,2023-12-26,Tuesday,7.4952778387876124
8,Adagio,2023-12-14,ITA,Vision Distribution,133533.68,17386,843260.28,117982,2023-12-27,32,2023-12-26,Tuesday,7.680529161394225
9,Foglie Al Vento (Fallen Leaves),2023-12-21,FIN,Lucky Red Distrib.,124902.99,18104,337565.87,49528,2023-12-27,25,2023-12-26,Tuesday,6.899192996022979
10,Prendi Il Volo (Migration),2023-12-07,USA,Universal S.R.L.,124714.46,17027,2459541.36,356175,2023-12-27,39,2023-12-26,Tuesday,7.324511657955013
1,Wonka,2023-12-14,GBR,Warner Bros Italia S.P.A.,1282077.14,162934,7283139.95,961387,2023-12-27,32,2023-12-26,Tuesday,7.8686900217265885
2,Wish,2023-12-21,USA,Walt Disney S.M.P. Italia,1068840.45,145043,2485408.3,344490,2023-12-27,25,2023-12-26,Tuesday,7.369128120626296
3,Santocielo,2023-12-14,ITA,Medusa Film S.P.A.,865902.76,118778,3540665.9,499167,2023-12-27,32,2023-12-26,Tuesday,7.290093788411996
4,Aquaman E Il Regno Perduto (Aquaman And The Lost Kingdom),2023-12-20,USA,Warner Bros Italia S.P.A.,710760.95,87015,2183853.37,272964,2023-12-27,26,2023-12-26,Tuesday,8.168257771648566
5,Ferrari,2023-12-07,USA,01 Distribution,398130.15,51453,2290707.99,304221,2023-12-27,39,2023-12-26,Tuesday,7.737744154859775
6,C'E' Ancora Domani,2023-10-26,ITA,Vision Distribution,351721.02,45992,31834338.44,4685345,2023-12-27,81,2023-12-26,Tuesday,7.64743911984693
7,One Life,2023-12-21,USA,Eagle Pictures S.P.A.,204756.0,27318,472543.91,64669,2023-12-27,25,2023-12-26,Tuesday,7.4952778387876124
8,Adagio,2023-12-14,ITA,Vision Distribution,133533.68,17386,843260.28,117982,2023-12-27,32,2023-12-26,Tuesday,7.680529161394225
9,Foglie Al Vento (Fallen Leaves),2023-12-21,FIN,Lucky Red Distrib.,124902.99,18104,337565.87,49528,2023-12-27,25,2023-12-26,Tuesday,6.899192996022979
10,Prendi Il Volo (Migration),2023-12-07,USA,Universal S.R.L.,124714.46,17027,2459541.36,356175,2023-12-27,39,2023-12-26,Tuesday,7.324511657955013
1,Wonka,2023-12-14,GBR,Warner Bros Italia S.P.A.,661640.29,94145,7963299.08,1058041,2023-12-28,32,2023-12-27,Wednesday,7.02788560199692
2,Wish,2023-12-21,USA,Walt Disney S.M.P. Italia,615658.85,93191,3111506.05,439134,2023-12-28,25,2023-12-27,Wednesday,6.606419611335858
3,Aquaman E Il Regno Perduto (Aquaman And The Lost Kingdom),2023-12-20,USA,Warner Bros Italia S.P.A.,342621.57,47803,2532852.44,321599,2023-12-28,26,2023-12-27,Wednesday,7.16736543731565
4,Santocielo,2023-12-14,ITA,Medusa Film S.P.A.,268726.99,40524,3821640.19,541409,2023-12-28,32,2023-12-27,Wednesday,6.631304658967525
5,C'E' Ancora Domani,2023-10-26,ITA,Vision Distribution,216455.06,32400,32053384.4,4718083,2023-12-28,81,2023-12-27,Wednesday,6.680711728395061
6,Ferrari,2023-12-07,USA,01 Distribution,176503.96,25431,2469287.85,329938,2023-12-28,39,2023-12-27,Wednesday,6.940504109158113
7,One Life,2023-12-21,USA,Eagle Pictures S.P.A.,92000.04,14334,566931.55,79318,2023-12-28,25,2023-12-27,Wednesday,6.418308915864378
8,Prendi Il Volo (Migration),2023-12-07,USA,Universal S.R.L.,67250.01,10294,2528061.07,366634,2023-12-28,39,2023-12-27,Wednesday,6.532932776374587
9,Foglie Al Vento (Fallen Leaves),2023-12-21,FIN,Lucky Red Distrib.,61605.03,10124,410900.4,61408,2023-12-28,25,2023-12-27,Wednesday,6.08504839984196
10,Adagio,2023-12-14,ITA,Vision Distribution,59623.22,9136,903568.8,127204,2023-12-28,32,2023-12-27,Wednesday,6.526184325744309
1,Wonka,2023-12-14,GBR,Warner Bros Italia S.P.A.,531163.82,73076,8506665.4,1132957,2023-12-29,32,2023-12-28,Thursday,7.268649351360227
2,Wish,2023-12-21,USA,Walt Disney S.M.P. Italia,525559.16,78615,3643734.21,518792,2023-12-29,25,2023-12-28,Thursday,6.68522750111302
3,Come Puo' Uno Scoglio,2023-12-28,ITA,Vision Distribution,358696.55,51097,368321.88,52633,2023-12-29,18,2023-12-28,Thursday,7.0199140849756345
4,Aquaman E Il Regno Perduto (Aquaman And The Lost Kingdom),2023-12-20,USA,Warner Bros Italia S.P.A.,272264.57,36800,2807063.01,358681,2023-12-29,26,2023-12-28,Thursday,7.39849375
5,C'E' Ancora Domani,2023-10-26,ITA,Vision Distribution,190708.94,26940,32249958.34,4745834,2023-12-29,81,2023-12-28,Thursday,7.079025241276912
6,Santocielo,2023-12-14,ITA,Medusa Film S.P.A.,177607.08,25931,4016021.77,569801,2023-12-29,32,2023-12-28,Thursday,6.849218310130731
7,Ferrari,2023-12-07,USA,01 Distribution,120537.5,16612,2590922.35,346719,2023-12-29,39,2023-12-28,Thursday,7.256049843486636
8,One Life,2023-12-21,USA,Eagle Pictures S.P.A.,86341.5,12961,654761.05,92488,2023-12-29,25,2023-12-28,Thursday,6.66163876244117
9,Foglie Al Vento (Fallen Leaves),2023-12-21,FIN,Lucky Red Distrib.,50137.32,7785,463062.72,69504,2023-12-29,25,2023-12-28,Thursday,6.440246628131021
10,Prendi Il Volo (Migration),2023-12-07,USA,Universal S.R.L.,47742.89,7096,2576613.96,373868,2023-12-29,39,2023-12-28,Thursday,6.728141206313416
1,Wish,2023-12-21,USA,Walt Disney S.M.P. Italia,503633.0,74206,4149415.71,593338,2023-12-30,25,2023-12-29,Friday,6.786957927930356
2,Wonka,2023-12-14,GBR,Warner Bros Italia S.P.A.,502471.83,68708,9009698.73,1201757,2023-12-30,32,2023-12-29,Friday,7.313148832741457
3,Come Puo' Uno Scoglio,2023-12-28,ITA,Vision Distribution,316370.72,44550,685210.6,97259,2023-12-30,18,2023-12-29,Friday,7.101475196408529
4,Aquaman E Il Regno Perduto (Aquaman And The Lost Kingdom),2023-12-20,USA,Warner Bros Italia S.P.A.,266563.11,35354,3074018.62,394104,2023-12-30,26,2023-12-29,Friday,7.53982887367766
5,C'E' Ancora Domani,2023-10-26,ITA,Vision Distribution,204404.54,28288,32455023.38,4774216,2023-12-30,81,2023-12-29,Friday,7.2258392251131225
6,Santocielo,2023-12-14,ITA,Medusa Film S.P.A.,164841.2,23829,4181264.47,593697,2023-12-30,32,2023-12-29,Friday,6.9176717445129885
7,Ferrari,2023-12-07,USA,01 Distribution,122011.91,16517,2713367.76,363308,2023-12-30,39,2023-12-29,Friday,7.387050311799964
8,One Life,2023-12-21,USA,Eagle Pictures S.P.A.,87942.94,12916,743477.49,105525,2023-12-30,25,2023-12-29,Friday,6.808837101269743
9,Foglie Al Vento (Fallen Leaves),2023-12-21,FIN,Lucky Red Distrib.,54055.89,8275,517770.61,77899,2023-12-30,25,2023-12-29,Friday,6.532433836858006
10,Prendi Il Volo (Migration),2023-12-07,USA,Universal S.R.L.,44807.55,6682,2621421.51,380550,2023-12-30,39,2023-12-29,Friday,6.70570936845256
1,Wish,2023-12-21,USA,Walt Disney S.M.P. Italia,593265.67,83296,4747637.07,677299,2023-12-31,25,2023-12-30,Saturday,7.122378865731848
2,Wonka,2023-12-14,GBR,Warner Bros Italia S.P.A.,577409.64,75522,9591843.87,1277931,2023-12-31,32,2023-12-30,Saturday,7.6455819496305715
3,Vacanze Di Natale Day,2023-12-30,ITA,Nexo Digital S.P.A.,482052.36,51018,482052.36,51018,2023-12-31,16,2023-12-30,Saturday,9.448672233329413
4,Come Puo' Uno Scoglio,2023-12-28,ITA,Vision Distribution,418154.52,56706,1104443.12,154112,2023-12-31,18,2023-12-30,Saturday,7.374078933446197
5,Aquaman E Il Regno Perduto (Aquaman And The Lost Kingdom),2023-12-20,USA,Warner Bros Italia S.P.A.,330664.5,41881,3406519.72,436219,2023-12-31,26,2023-12-30,Saturday,7.895334399847186
6,C'E' Ancora Domani,2023-10-26,ITA,Vision Distribution,263736.6,34845,32719732.78,4809190,2023-12-31,81,2023-12-30,Saturday,7.568850624192853
7,Santocielo,2023-12-14,ITA,Medusa Film S.P.A.,217541.06,30361,4401578.93,624457,2023-12-31,32,2023-12-30,Saturday,7.165148051776951
8,Ferrari,2023-12-07,USA,01 Distribution,138157.91,18156,2852362.06,381588,2023-12-31,39,2023-12-30,Saturday,7.609490526547698
9,One Life,2023-12-21,USA,Eagle Pictures S.P.A.,135732.43,18890,880124.12,124557,2023-12-31,25,2023-12-30,Saturday,7.185411858125992
10,Foglie Al Vento (Fallen Leaves),2023-12-21,FIN,Lucky Red Distrib.,80597.56,11625,598569.77,89556,2023-12-31,25,2023-12-30,Saturday,6.933123440860215
1,Wonka,2023-12-14,GBR,Warner Bros Italia S.P.A.,323004.58,40477,9919658.95,1319090,2024-01-01,32,2023-12-31,Sunday,7.979953553870099
2,Wish,2023-12-21,USA,Walt Disney S.M.P. Italia,269484.42,36585,5020622.49,714366,2024-01-01,25,2023-12-31,Sunday,7.365981139811398
3,C'E' Ancora Domani,2023-10-26,ITA,Vision Distribution,236867.02,30202,32959527.8,4839820,2024-01-01,81,2023-12-31,Sunday,7.842759419905966
4,Santocielo,2023-12-14,ITA,Medusa Film S.P.A.,224434.97,29360,4627088.9,653964,2024-01-01,32,2023-12-31,Sunday,7.644242847411444
5,Aquaman E Il Regno Perduto (Aquaman And The Lost Kingdom),2023-12-20,USA,Warner Bros Italia S.P.A.,198014.97,24435,3606554.19,460937,2024-01-01,26,2023-12-31,Sunday,8.103743400859424
6,One Life,2023-12-21,USA,Eagle Pictures S.P.A.,152934.42,20204,1034148.04,144911,2024-01-01,25,2023-12-31,Sunday,7.569511977826173
7,Ferrari,2023-12-07,USA,01 Distribution,131374.85,16878,2984743.41,398592,2024-01-01,39,2023-12-31,Sunday,7.783792510961015
8,Come Puo' Uno Scoglio,2023-12-28,ITA,Vision Distribution,128535.76,16803,1233987.88,171041,2024-01-01,18,2023-12-31,Sunday,7.649572100220198
9,Foglie Al Vento (Fallen Leaves),2023-12-21,FIN,Lucky Red Distrib.,68367.8,9429,666937.57,98985,2024-01-01,25,2023-12-31,Sunday,7.250800721179341
10,Un Colpo Di Fortuna (Coup De Chance),2023-12-06,GBR,Lucky Red Distrib.,52035.42,6722,2149406.15,312100,2024-01-01,40,2023-12-31,Sunday,7.741062183873847
1,Succede Anche Nelle Migliori Famiglie,2023-12-31,ITA,01 Distribution,942401.03,126223,943793.53,126370,2024-01-02,15,2024-01-01,Monday,7.466159337046339
2,Il Ragazzo E L'Airone (How Do You Live?),2024-01-01,JPN,Lucky Red Distrib.,837278.06,107386,843324.56,107898,2024-01-02,14,2024-01-01,Monday,7.796901458290653
3,Wish,2023-12-21,USA,Walt Disney S.M.P. Italia,596320.78,80962,5619157.77,795622,2024-01-02,25,2024-01-01,Monday,7.365440330031373
4,Wonka,2023-12-14,GBR,Warner Bros Italia S.P.A.,594762.4,75319,10519368.35,1395007,2024-01-02,32,2024-01-01,Monday,7.89657855255646
5,Come Puo' Uno Scoglio,2023-12-28,ITA,Vision Distribution,548961.92,74068,1783915.8,245249,2024-01-02,18,2024-01-01,Monday,7.411593670680997
6,Aquaman E Il Regno Perduto (Aquaman And The Lost Kingdom),2023-12-20,USA,Warner Bros Italia S.P.A.,349097.31,42675,3955943.5,503666,2024-01-02,26,2024-01-01,Monday,8.180370474516696
7,C'E' Ancora Domani,2023-10-26,ITA,Vision Distribution,324904.28,41669,33285214.08,4881574,2024-01-02,81,2024-01-01,Monday,7.797266073099907
8,Santocielo,2023-12-14,ITA,Medusa Film S.P.A.,247629.5,33405,4875660.4,687510,2024-01-02,32,2024-01-01,Monday,7.412947163598264
9,One Life,2023-12-21,USA,Eagle Pictures S.P.A.,155300.66,20941,1190127.7,165902,2024-01-02,25,2024-01-01,Monday,7.416105248077933
10,Ferrari,2023-12-07,USA,01 Distribution,130277.81,16514,3117095.22,415327,2024-01-02,39,2024-01-01,Monday,7.888931209882524
1,Il Ragazzo E L'Airone (How Do You Live?),2024-01-01,JPN,Lucky Red Distrib.,582720.35,80029,1427100.71,188077,2024-01-03,14,2024-01-02,Tuesday,7.281364880230916
2,Wish,2023-12-21,USA,Walt Disney S.M.P. Italia,429697.64,63852,6056423.11,860659,2024-01-03,25,2024-01-02,Tuesday,6.729587796780054
3,Succede Anche Nelle Migliori Famiglie,2023-12-31,ITA,01 Distribution,409822.13,58619,1361011.66,186091,2024-01-03,15,2024-01-02,Tuesday,6.991284907623808
4,Wonka,2023-12-14,GBR,Warner Bros Italia S.P.A.,401313.27,55757,10925919.82,1451516,2024-01-03,32,2024-01-02,Tuesday,7.197540577864663
5,Come Puo' Uno Scoglio,2023-12-28,ITA,Vision Distribution,272105.57,39327,2061751.77,285381,2024-01-03,18,2024-01-02,Tuesday,6.919052305032166
6,Aquaman E Il Regno Perduto (Aquaman And The Lost Kingdom),2023-12-20,USA,Warner Bros Italia S.P.A.,220596.04,29835,4179153.74,533860,2024-01-03,26,2024-01-02,Tuesday,7.393867605161723
7,C'E' Ancora Domani,2023-10-26,ITA,Vision Distribution,215509.61,30307,33506429.09,4912692,2024-01-03,81,2024-01-02,Tuesday,7.110885603985877
8,Santocielo,2023-12-14,ITA,Medusa Film S.P.A.,104158.15,15282,4982769.75,703231,2024-01-03,32,2024-01-02,Tuesday,6.815740740740741
9,One Life,2023-12-21,USA,Eagle Pictures S.P.A.,83438.09,12312,1276205.39,178617,2024-01-03,25,2024-01-02,Tuesday,6.7769728719948015
10,Ferrari,2023-12-07,USA,01 Distribution,80181.12,10826,3199181.34,426427,2024-01-03,39,2024-01-02,Tuesday,7.406347681507482
1,Il Ragazzo E L'Airone (How Do You Live?),2024-01-01,JPN,Lucky Red Distrib.,527815.24,75359,1959700.35,264136,2024-01-04,14,2024-01-03,Wednesday,7.0040106689313815
2,Wish,2023-12-21,USA,Walt Disney S.M.P. Italia,409117.95,62221,6469517.76,923460,2024-01-04,25,2024-01-03,Wednesday,6.575239067195963
3,Wonka,2023-12-14,GBR,Warner Bros Italia S.P.A.,383349.14,54978,11312393.26,1506919,2024-01-04,32,2024-01-03,Wednesday,6.972773473025574
4,Succede Anche Nelle Migliori Famiglie,2023-12-31,ITA,01 Distribution,376387.38,54716,1739042.04,241028,2024-01-04,15,2024-01-03,Wednesday,6.878927187659917
5,Come Puo' Uno Scoglio,2023-12-28,ITA,Vision Distribution,241289.5,36957,2304498.21,322532,2024-01-04,18,2024-01-03,Wednesday,6.528925508022837
6,Aquaman E Il Regno Perduto (Aquaman And The Lost Kingdom),2023-12-20,USA,Warner Bros Italia S.P.A.,211864.49,29920,4392996.03,564055,2024-01-04,26,2024-01-03,Wednesday,7.081032419786096
7,C'E' Ancora Domani,2023-10-26,ITA,Vision Distribution,211608.07,31196,33719762.86,4944123,2024-01-04,81,2024-01-03,Wednesday,6.783179574304398
8,Santocielo,2023-12-14,ITA,Medusa Film S.P.A.,91465.55,13762,5076161.2,717253,2024-01-04,32,2024-01-03,Wednesday,6.646239645400378
9,Ferrari,2023-12-07,USA,01 Distribution,80614.76,11568,3280199.6,438053,2024-01-04,39,2024-01-03,Wednesday,6.968772475795297
10,One Life,2023-12-21,USA,Eagle Pictures S.P.A.,79676.15,12456,1356690.14,191189,2024-01-04,25,2024-01-03,Wednesday,6.396608060372511
1,Il Ragazzo E L'Airone (How Do You Live?),2024-01-01,JPN,Lucky Red Distrib.,365334.49,50062,2334830.54,315580,2024-01-05,14,2024-01-04,Thursday,7.297640725500379
2,Succede Anche Nelle Migliori Famiglie,2023-12-31,ITA,01 Distribution,302587.1,43696,2060907.14,287474,2024-01-05,15,2024-01-04,Thursday,6.924823782497254
3,Wish,2023-12-21,USA,Walt Disney S.M.P. Italia,272235.89,40458,6751726.25,965483,2024-01-05,25,2024-01-04,Thursday,6.728851895793168
4,Wonka,2023-12-14,GBR,Warner Bros Italia S.P.A.,251187.8,34533,11570412.56,1542521,2024-01-05,32,2024-01-04,Thursday,7.273848203167984
5,Come Puo' Uno Scoglio,2023-12-28,ITA,Vision Distribution,147718.68,21077,2459623.39,344678,2024-01-05,18,2024-01-04,Thursday,7.008524932390757
6,C'E' Ancora Domani,2023-10-26,ITA,Vision Distribution,133817.44,18570,33860533.8,4963664,2024-01-05,81,2024-01-04,Thursday,7.206108777598277
7,Aquaman E Il Regno Perduto (Aquaman And The Lost Kingdom),2023-12-20,USA,Warner Bros Italia S.P.A.,115539.78,15802,4511581.81,580332,2024-01-05,26,2024-01-04,Thursday,7.311718769775978
8,50Km All'Ora,2024-01-04,ITA,Eagle Pictures S.P.A.,115261.88,16577,128838.94,18574,2024-01-05,11,2024-01-04,Thursday,6.95312058876757
9,Perfect Days,2024-01-04,JPN,Lucky Red Distrib.,84226.53,12436,103429.64,14844,2024-01-05,11,2024-01-04,Thursday,6.772799131553554
10,Wonder - White Bird,2024-01-04,USA,Medusa Film S.P.A.,53646.33,7985,53646.33,7985,2024-01-05,11,2024-01-04,Thursday,6.718388227927364
1,Il Ragazzo E L'Airone (How Do You Live?),2024-01-01,JPN,Lucky Red Distrib.,415931.12,55404,2752659.06,371242,2024-01-06,14,2024-01-05,Friday,7.507239910475778
2,Succede Anche Nelle Migliori Famiglie,2023-12-31,ITA,01 Distribution,344669.99,48283,2409938.13,336331,2024-01-06,15,2024-01-05,Friday,7.138537166290413
3,Wonka,2023-12-14,GBR,Warner Bros Italia S.P.A.,320377.55,42453,11894580.11,1585450,2024-01-06,32,2024-01-05,Friday,7.546640991213812
4,Wish,2023-12-21,USA,Walt Disney S.M.P. Italia,316453.93,45435,7070772.78,1011295,2024-01-06,25,2024-01-05,Friday,6.964981402002861
5,Come Puo' Uno Scoglio,2023-12-28,ITA,Vision Distribution,186257.74,25284,2647851.13,370207,2024-01-06,18,2024-01-05,Friday,7.366624742920424
6,50Km All'Ora,2024-01-04,ITA,Eagle Pictures S.P.A.,177524.79,24295,316428.14,44199,2024-01-06,11,2024-01-05,Friday,7.30705042189751
7,Aquaman E Il Regno Perduto (Aquaman And The Lost Kingdom),2023-12-20,USA,Warner Bros Italia S.P.A.,155269.69,20335,4669005.4,600960,2024-01-06,26,2024-01-05,Friday,7.635588394393903
8,C'E' Ancora Domani,2023-10-26,ITA,Vision Distribution,148300.09,19683,34009795.79,4983459,2024-01-06,81,2024-01-05,Friday,7.534425138444343
9,Perfect Days,2024-01-04,JPN,Lucky Red Distrib.,107158.47,15714,211222.11,30647,2024-01-06,11,2024-01-05,Friday,6.819299350897289
10,Wonder - White Bird,2024-01-04,USA,Medusa Film S.P.A.,71947.68,10244,126700.91,18393,2024-01-06,11,2024-01-05,Friday,7.0233971105037085
1,Succede Anche Nelle Migliori Famiglie,2023-12-31,ITA,01 Distribution,805462.58,108995,3216190.21,445460,2024-01-07,15,2024-01-06,Saturday,7.389903940547732
2,Il Ragazzo E L'Airone (How Do You Live?),2024-01-01,JPN,Lucky Red Distrib.,649617.55,83504,3402421.61,454769,2024-01-07,14,2024-01-06,Saturday,7.779478228587853
3,Wonka,2023-12-14,GBR,Warner Bros Italia S.P.A.,539164.32,68694,12434573.93,1654279,2024-01-07,32,2024-01-06,Saturday,7.848783299851514
4,Wish,2023-12-21,USA,Walt Disney S.M.P. Italia,525420.64,71925,7596480.92,1083266,2024-01-07,25,2024-01-06,Saturday,7.305118387208898
5,50Km All'Ora,2024-01-04,ITA,Eagle Pictures S.P.A.,469522.73,62680,792469.14,107706,2024-01-07,11,2024-01-06,Saturday,7.490790204211869
6,Come Puo' Uno Scoglio,2023-12-28,ITA,Vision Distribution,399947.23,52876,3048022.86,423118,2024-01-07,18,2024-01-06,Saturday,7.563870754217414
7,Aquaman E Il Regno Perduto (Aquaman And The Lost Kingdom),2023-12-20,USA,Warner Bros Italia S.P.A.,283336.02,34768,4952539.42,635755,2024-01-07,26,2024-01-06,Saturday,8.149333294983894
8,C'E' Ancora Domani,2023-10-26,ITA,Vision Distribution,280065.52,35987,34290499.81,5019551,2024-01-07,81,2024-01-06,Saturday,7.782408091810932
9,Perfect Days,2024-01-04,JPN,Lucky Red Distrib.,225981.88,31556,437466.49,62245,2024-01-07,11,2024-01-06,Saturday,7.161296742299404
10,Wonder - White Bird,2024-01-04,USA,Medusa Film S.P.A.,174094.97,23701,300979.38,42119,2024-01-07,11,2024-01-06,Saturday,7.345469389477238
1,Succede Anche Nelle Migliori Famiglie,2023-12-31,ITA,01 Distribution,647511.5,88199,3864378.71,533764,2024-01-08,15,2024-01-07,Sunday,7.341483463531333
2,Il Ragazzo E L'Airone (How Do You Live?),2024-01-01,JPN,Lucky Red Distrib.,535880.41,70477,3940950.22,525659,2024-01-08,14,2024-01-07,Sunday,7.6036211813783225
3,Wish,2023-12-21,USA,Walt Disney S.M.P. Italia,474095.6,66730,8072984.52,1150419,2024-01-08,25,2024-01-07,Sunday,7.104684549677806
4,Wonka,2023-12-14,GBR,Warner Bros Italia S.P.A.,421037.7,55681,12855776.13,1709988,2024-01-08,32,2024-01-07,Sunday,7.561604497045671
5,50Km All'Ora,2024-01-04,ITA,Eagle Pictures S.P.A.,368128.6,50310,1162135.74,158239,2024-01-08,11,2024-01-07,Sunday,7.317205326972768
6,Come Puo' Uno Scoglio,2023-12-28,ITA,Vision Distribution,345493.09,46335,3394172.95,469548,2024-01-08,18,2024-01-07,Sunday,7.456417179238158
7,C'E' Ancora Domani,2023-10-26,ITA,Vision Distribution,247102.8,32788,34538203.11,5052428,2024-01-08,81,2024-01-07,Sunday,7.536379163108454
8,Perfect Days,2024-01-04,JPN,Lucky Red Distrib.,227669.99,32421,670727.98,95450,2024-01-08,11,2024-01-07,Sunday,7.02230005243515
9,Aquaman E Il Regno Perduto (Aquaman And The Lost Kingdom),2023-12-20,USA,Warner Bros Italia S.P.A.,192959.17,24789,5145783.59,660596,2024-01-08,26,2024-01-07,Sunday,7.784064302714914
10,Wonder - White Bird,2024-01-04,USA,Medusa Film S.P.A.,134352.21,19089,435659.59,61256,2024-01-08,11,2024-01-07,Sunday,7.038200534339148
1,Il Ragazzo E L'Airone (How Do You Live?),2024-01-01,JPN,Lucky Red Distrib.,136720.87,19526,4087919.49,546386,2024-01-09,14,2024-01-08,Monday,7.001990679094541
2,Succede Anche Nelle Migliori Famiglie,2023-12-31,ITA,01 Distribution,98427.15,14775,3966151.86,548918,2024-01-09,15,2024-01-08,Monday,6.661736040609137
3,Come Puo' Uno Scoglio,2023-12-28,ITA,Vision Distribution,66361.88,9952,3464471.93,479986,2024-01-09,18,2024-01-08,Monday,6.668195337620579
4,C'E' Ancora Domani,2023-10-26,ITA,Vision Distribution,52181.58,8298,34593001.59,5061035,2024-01-09,81,2024-01-08,Monday,6.288452639190167
5,Perfect Days,2024-01-04,JPN,Lucky Red Distrib.,51155.72,7996,723059.7,103614,2024-01-09,11,2024-01-08,Monday,6.397663831915958
6,Wonka,2023-12-14,GBR,Warner Bros Italia S.P.A.,48594.61,6958,12911264.34,1717711,2024-01-09,32,2024-01-08,Monday,6.983991089393504
7,50Km All'Ora,2024-01-04,ITA,Eagle Pictures S.P.A.,36442.46,5732,1204522.8,164649,2024-01-09,11,2024-01-08,Monday,6.357721563154222
8,Aquaman E Il Regno Perduto (Aquaman And The Lost Kingdom),2023-12-20,USA,Warner Bros Italia S.P.A.,31664.49,4350,5181298.88,665366,2024-01-09,26,2024-01-08,Monday,7.279193103448276
9,Wish,2023-12-21,USA,Walt Disney S.M.P. Italia,29413.53,4668,8111844.95,1156320,2024-01-09,25,2024-01-08,Monday,6.301098971722364
10,Wonder - White Bird,2024-01-04,USA,Medusa Film S.P.A.,16167.41,2575,455488.8,64249,2024-01-09,11,2024-01-08,Monday,6.278605825242718
1,Il Ragazzo E L'Airone (How Do You Live?),2024-01-01,JPN,Lucky Red Distrib.,173042.4,25143,4260961.89,571529,2024-01-10,14,2024-01-09,Tuesday,6.882329077675695
2,Succede Anche Nelle Migliori Famiglie,2023-12-31,ITA,01 Distribution,105084.65,16013,4071334.01,564944,2024-01-10,15,2024-01-09,Tuesday,6.562458627365265
3,C'E' Ancora Domani,2023-10-26,ITA,Vision Distribution,70335.91,12480,34663947.5,5073637,2024-01-10,81,2024-01-09,Tuesday,5.635890224358975
4,Perfect Days,2024-01-04,JPN,Lucky Red Distrib.,65842.05,10448,788901.75,114062,2024-01-10,11,2024-01-09,Tuesday,6.3018807427258805
5,Come Puo' Uno Scoglio,2023-12-28,ITA,Vision Distribution,65732.3,10353,3530316.73,490354,2024-01-10,18,2024-01-09,Tuesday,6.3491065391673915
6,Wonka,2023-12-14,GBR,Warner Bros Italia S.P.A.,56052.72,8081,12967510.56,1725817,2024-01-10,32,2024-01-09,Tuesday,6.936359361465166
7,50Km All'Ora,2024-01-04,ITA,Eagle Pictures S.P.A.,41875.96,6433,1246398.76,171082,2024-01-10,11,2024-01-09,Tuesday,6.5095538628944505
8,Aquaman E Il Regno Perduto (Aquaman And The Lost Kingdom),2023-12-20,USA,Warner Bros Italia S.P.A.,37601.05,5350,5219284.43,670769,2024-01-10,26,2024-01-09,Tuesday,7.028233644859814
9,Wish,2023-12-21,USA,Walt Disney S.M.P. Italia,35739.73,5827,8147805.18,1162177,2024-01-10,25,2024-01-09,Tuesday,6.133470053200618
10,Wonder - White Bird,2024-01-04,USA,Medusa Film S.P.A.,20202.49,3280,475691.29,67529,2024-01-10,11,2024-01-09,Tuesday,6.159295731707317
1,Il Ragazzo E L'Airone (How Do You Live?),2024-01-01,JPN,Lucky Red Distrib.,189729.4,29885,4451006.79,601469,2024-01-11,14,2024-01-10,Wednesday,6.348649824326585
2,Succede Anche Nelle Migliori Famiglie,2023-12-31,ITA,01 Distribution,111172.04,18423,4182646.05,583392,2024-01-11,15,2024-01-10,Wednesday,6.034415676057102
3,Perfect Days,2024-01-04,JPN,Lucky Red Distrib.,82974.54,14185,872284.29,128341,2024-01-11,11,2024-01-10,Wednesday,5.849456468100105
4,C'E' Ancora Domani,2023-10-26,ITA,Vision Distribution,78485.9,13177,34744506.4,5087166,2024-01-11,81,2024-01-10,Wednesday,5.956279881611899
5,Come Puo' Uno Scoglio,2023-12-28,ITA,Vision Distribution,64392.23,10853,3594725.96,501209,2024-01-11,18,2024-01-10,Wednesday,5.933127245922787
6,Wonka,2023-12-14,GBR,Warner Bros Italia S.P.A.,60229.26,9348,13028434.32,1735282,2024-01-11,32,2024-01-10,Wednesday,6.44301026957638
7,50Km All'Ora,2024-01-04,ITA,Eagle Pictures S.P.A.,53178.06,8809,1300255.32,179998,2024-01-11,11,2024-01-10,Wednesday,6.036787376546713
8,Wish,2023-12-21,USA,Walt Disney S.M.P. Italia,41396.34,6968,8190522.02,1169367,2024-01-11,25,2024-01-10,Wednesday,5.940921354764638
9,Aquaman E Il Regno Perduto (Aquaman And The Lost Kingdom),2023-12-20,USA,Warner Bros Italia S.P.A.,35597.23,5403,5254932.66,676180,2024-01-11,26,2024-01-10,Wednesday,6.588419396631502
10,Wonder - White Bird,2024-01-04,USA,Medusa Film S.P.A.,26584.76,4536,502359.05,72079,2024-01-11,11,2024-01-10,Wednesday,5.860837742504409
1,Il Ragazzo E L'Airone (How Do You Live?),2024-01-01,JPN,Lucky Red Distrib.,110526.11,15649,4559743.7,616860,2024-01-12,14,2024-01-11,Thursday,7.062822544571538
2,Perfect Days,2024-01-04,JPN,Lucky Red Distrib.,93112.48,14102,962450.27,142007,2024-01-12,11,2024-01-11,Thursday,6.602785420507729
3,The Beekeeper,2024-01-11,GBR,01 Distribution,77477.25,10487,77429.25,10480,2024-01-12,4,2024-01-11,Thursday,7.3879326785544
4,Succede Anche Nelle Migliori Famiglie,2023-12-31,ITA,01 Distribution,70409.34,10456,4251330.89,593525,2024-01-12,15,2024-01-11,Thursday,6.733869548584544
5,C'E' Ancora Domani,2023-10-26,ITA,Vision Distribution,44223.5,7317,34787887.4,5094309,2024-01-12,81,2024-01-11,Thursday,6.04393877272106
6,Enea,2024-01-11,ITA,Vision Distribution,42566.37,6352,49483.87,7378,2024-01-12,4,2024-01-11,Thursday,6.701254722921915
7,Wonka,2023-12-14,GBR,Warner Bros Italia S.P.A.,34882.27,4865,13063311.59,1740146,2024-01-12,32,2024-01-11,Thursday,7.170045220966084
8,Come Puo' Uno Scoglio,2023-12-28,ITA,Vision Distribution,33505.48,4929,3627912.94,506083,2024-01-12,18,2024-01-11,Thursday,6.797622235747617
9,50Km All'Ora,2024-01-04,ITA,Eagle Pictures S.P.A.,25757.58,3795,1326061.4,183803,2024-01-12,11,2024-01-11,Thursday,6.787241106719368
10,Chi Segna Vince (Next Goal Wins),2024-01-11,USA,Walt Disney S.M.P. Italia,24326.6,3884,24319.6,3883,2024-01-12,4,2024-01-11,Thursday,6.263285272914521
1,Il Ragazzo E L'Airone (How Do You Live?),2024-01-01,JPN,Lucky Red Distrib.,182284.61,24974,4746701.91,642566,2024-01-13,14,2024-01-12,Friday,7.2989753343477215
2,Perfect Days,2024-01-04,JPN,Lucky Red Distrib.,130120.2,19334,1099530.47,162488,2024-01-13,11,2024-01-12,Friday,6.7301230992034755
3,The Beekeeper,2024-01-11,GBR,01 Distribution,128395.72,16816,206154.47,27340,2024-01-13,4,2024-01-12,Friday,7.6353306374881065
4,Succede Anche Nelle Migliori Famiglie,2023-12-31,ITA,01 Distribution,121185.31,17420,4374449.5,611314,2024-01-13,15,2024-01-12,Friday,6.95667680826636
5,Wonka,2023-12-14,GBR,Warner Bros Italia S.P.A.,88275.05,11969,13151785.34,1752147,2024-01-13,32,2024-01-12,Friday,7.375307043194921
6,C'E' Ancora Domani,2023-10-26,ITA,Vision Distribution,85373.63,13641,34876023.33,5108455,2024-01-13,81,2024-01-12,Friday,6.258604940986731
7,Enea,2024-01-11,ITA,Vision Distribution,68114.43,9945,118337.3,17408,2024-01-13,4,2024-01-12,Friday,6.849113122171945
8,50Km All'Ora,2024-01-04,ITA,Eagle Pictures S.P.A.,62257.31,8758,1388432.25,192577,2024-01-13,11,2024-01-12,Friday,7.108621831468372
9,Come Puo' Uno Scoglio,2023-12-28,ITA,Vision Distribution,57825.44,8085,3686231.38,514249,2024-01-13,18,2024-01-12,Friday,7.152188002473717
10,Chi Segna Vince (Next Goal Wins),2024-01-11,USA,Walt Disney S.M.P. Italia,57466.47,8410,81812.87,12298,2024-01-13,4,2024-01-12,Friday,6.833111771700357
1,Il Ragazzo E L'Airone (How Do You Live?),2024-01-01,JPN,Lucky Red Distrib.,382045.48,50332,5129076.39,692959,2024-01-14,14,2024-01-13,Saturday,7.590508622744973
2,The Beekeeper,2024-01-11,GBR,01 Distribution,295127.02,36591,501281.49,63931,2024-01-14,4,2024-01-13,Saturday,8.065563116613376
3,Perfect Days,2024-01-04,JPN,Lucky Red Distrib.,291873.69,41035,1391756.16,203584,2024-01-14,11,2024-01-13,Saturday,7.112798586572438
4,Succede Anche Nelle Migliori Famiglie,2023-12-31,ITA,01 Distribution,279049.7,38413,4654031.2,649807,2024-01-14,15,2024-01-13,Saturday,7.264459948454951
5,Wonka,2023-12-14,GBR,Warner Bros Italia S.P.A.,275094.54,36047,13426565.38,1788147,2024-01-14,32,2024-01-13,Saturday,7.631551585430132
6,50Km All'Ora,2024-01-04,ITA,Eagle Pictures S.P.A.,202877.58,27090,1591395.33,219685,2024-01-14,11,2024-01-13,Saturday,7.489021040974529
7,Wish,2023-12-21,USA,Walt Disney S.M.P. Italia,190786.35,27375,8449037.17,1207347,2024-01-14,25,2024-01-13,Saturday,6.969364383561644
8,Enea,2024-01-11,ITA,Vision Distribution,174459.15,24171,292982.95,41610,2024-01-14,4,2024-01-13,Saturday,7.217705101154276
9,Chi Segna Vince (Next Goal Wins),2024-01-11,USA,Walt Disney S.M.P. Italia,155103.46,21450,236994.83,33760,2024-01-14,4,2024-01-13,Saturday,7.230930536130535
10,C'E' Ancora Domani,2023-10-26,ITA,Vision Distribution,137819.64,17896,35013960.47,5126379,2024-01-14,81,2024-01-13,Saturday,7.701142154671436
