Pos.,Titolo,Prima Progr.,Nazione,Distribuzione,Incasso,Presenze,Incasso al 16/11/2023,Presenze al 16/11/2023,2023-11-17 15:31:50.351708
1,C'E' ANCORA DOMANI,'2023-10-26'26/10/2023,ITA,VISION DISTRIBUTION,449991.06,66700,15231636.85,2202169,2023-11-17 15:31:50.351708
2,HUNGER GAMES - LA BALLATA DELL'USIGNOLO E DEL SERPENTE,'2023-11-15'15/11/2023,USA,MEDUSA FILM S.P.A.,238466.31,32469,584902.45,79311,2023-11-17 15:31:50.351708
3,THE MARVELS,'2023-11-08'08/11/2023,USA,WALT DISNEY S.M.P. ITALIA,60914.35,8628,2260142.44,305291,2023-11-17 15:31:50.351708
4,THANKSGIVING,'2023-11-16'16/11/2023,USA,EAGLE PICTURES S.P.A.,41232.57,5709,41232.57,5709,2023-11-17 15:31:50.351708
5,THE OLD OAK,'2023-11-16'16/11/2023,FRA,LUCKY RED DISTRIB.,36605.89,5879,56540.79,8609,2023-11-17 15:31:50.351708
6,COMANDANTE,'2023-10-31'31/10/2023,ITA,01 DISTRIBUTION,33606.07,5323,2877897.31,423909,2023-11-17 15:31:50.351708
7,TROLLS 3 - TUTTI INSIEME (TROLLS BAND TOGETHER),'2023-11-09'09/11/2023,USA,UNIVERSAL S.R.L.,20024.88,3314,1324726.06,194885,2023-11-17 15:31:50.351708
8,FIVE NIGHTS AT FREDDY'S,'2023-11-02'02/11/2023,USA,UNIVERSAL S.R.L.,18484.63,2478,4966402.08,624996,2023-11-17 15:31:50.351708
9,KILLERS OF THE FLOWER MOON,'2023-10-19'19/10/2023,USA,01 DISTRIBUTION,13874.92,2220,4981551.57,670012,2023-11-17 15:31:50.351708
10,DREAM SCENARIO - HAI MAI SOGNATO QUEST'UOMO?,'2023-11-16'16/11/2023,USA,I WONDER PICTURES S.R.L.,13246.96,2025,13246.96,2025,2023-11-17 15:31:50.351708
Pos.,Titolo,Prima Progr.,Nazione,Distribuzione,Incasso,Presenze,Incasso al 17/11/2023,Presenze al 17/11/2023,2023-11-18 15:31:50.351708
1,C'E' ANCORA DOMANI,'2023-10-26'26/10/2023,ITA,VISION DISTRIBUTION,716115.23,102152,15993379.11,2311409,2023-11-18 15:31:50.351708
2,HUNGER GAMES - LA BALLATA DELL'USIGNOLO E DEL SERPENTE,'2023-11-15'15/11/2023,USA,MEDUSA FILM S.P.A.,407469.68,54074,992489.13,133402,2023-11-18 15:31:50.351708
3,THE MARVELS,'2023-11-08'08/11/2023,USA,WALT DISNEY S.M.P. ITALIA,109079.49,15018,2377050.93,321521,2023-11-18 15:31:50.351708
4,THANKSGIVING,'2023-11-16'16/11/2023,USA,EAGLE PICTURES S.P.A.,68469.31,9105,109701.88,14814,2023-11-18 15:31:50.351708
5,COMANDANTE,'2023-10-31'31/10/2023,ITA,01 DISTRIBUTION,54556.27,8071,2949803.88,434488,2023-11-18 15:31:50.351708
6,THE OLD OAK,'2023-11-16'16/11/2023,FRA,LUCKY RED DISTRIB.,51805.05,8365,108792.34,17053,2023-11-18 15:31:50.351708
7,TROLLS 3 - TUTTI INSIEME (TROLLS BAND TOGETHER),'2023-11-09'09/11/2023,USA,UNIVERSAL S.R.L.,46814.69,7438,1374453.45,202769,2023-11-18 15:31:50.351708
8,FIVE NIGHTS AT FREDDY'S,'2023-11-02'02/11/2023,USA,UNIVERSAL S.R.L.,45049.66,5769,5019932.64,631937,2023-11-18 15:31:50.351708
9,DREAM SCENARIO - HAI MAI SOGNATO QUEST'UOMO?,'2023-11-16'16/11/2023,USA,I WONDER PICTURES S.R.L.,19793.89,2942,33040.85,4967,2023-11-18 15:31:50.351708
10,KILLERS OF THE FLOWER MOON,'2023-10-19'19/10/2023,USA,01 DISTRIBUTION,18681.33,2518,5000944.7,672654,2023-11-18 15:31:50.351708
Pos.,Titolo,Prima Progr.,Nazione,Distribuzione,Incasso,Presenze,Incasso al 18/11/2023,Presenze al 18/11/2023,2023-11-19 15:31:50.351708
1,C'E' ANCORA DOMANI,'2023-10-26'26/10/2023,ITA,VISION DISTRIBUTION,1347271.44,181856,17353943.25,2495357,2023-11-19 15:31:50.351708
2,HUNGER GAMES - LA BALLATA DELL'USIGNOLO E DEL SERPENTE,'2023-11-15'15/11/2023,USA,MEDUSA FILM S.P.A.,778581.54,97669,1773192.77,231392,2023-11-19 15:31:50.351708
3,THE MARVELS,'2023-11-08'08/11/2023,USA,WALT DISNEY S.M.P. ITALIA,255545.91,33430,2633665.84,355104,2023-11-19 15:31:50.351708
4,TROLLS 3 - TUTTI INSIEME (TROLLS BAND TOGETHER),'2023-11-09'09/11/2023,USA,UNIVERSAL S.R.L.,192060.18,28338,1566902.63,231171,2023-11-19 15:31:50.351708
5,COMANDANTE,'2023-10-31'31/10/2023,ITA,01 DISTRIBUTION,150882.31,20906,3101197.19,455488,2023-11-19 15:31:50.351708
6,THANKSGIVING,'2023-11-16'16/11/2023,USA,EAGLE PICTURES S.P.A.,149022.72,18435,259365.1,33343,2023-11-19 15:31:50.351708
7,THE OLD OAK,'2023-11-16'16/11/2023,FRA,LUCKY RED DISTRIB.,129453.32,19030,238974.16,36202,2023-11-19 15:31:50.351708
8,FIVE NIGHTS AT FREDDY'S,'2023-11-02'02/11/2023,USA,UNIVERSAL S.R.L.,128149.19,15427,5148621.83,647460,2023-11-19 15:31:50.351708
9,DREAM SCENARIO - HAI MAI SOGNATO QUEST'UOMO?,'2023-11-16'16/11/2023,USA,I WONDER PICTURES S.R.L.,45799.87,6384,78866.22,11354,2023-11-19 15:31:50.351708
10,KILLERS OF THE FLOWER MOON,'2023-10-19'19/10/2023,USA,01 DISTRIBUTION,39234.41,4950,5040179.11,677604,2023-11-19 15:31:50.351708
Pos.,Titolo,Prima Progr.,Nazione,Distribuzione,Incasso,Presenze,Incasso al 19/11/2023,Presenze al 19/11/2023,2023-11-20 15:31:50.350706
1,C'E' ANCORA DOMANI,'2023-10-26'26/10/2023,ITA,VISION DISTRIBUTION,1544231.00,211764,18905536.25,2708177,2023-11-20 15:31:50.350706
2,HUNGER GAMES - LA BALLATA DELL'USIGNOLO E DEL SERPENTE,'2023-11-15'15/11/2023,USA,MEDUSA FILM S.P.A.,619325.51,78293,2394754.78,309973,2023-11-20 15:31:50.350706
3,TROLLS 3 - TUTTI INSIEME (TROLLS BAND TOGETHER),'2023-11-09'09/11/2023,USA,UNIVERSAL S.R.L.,250674.35,36489,1818029.98,267725,2023-11-20 15:31:50.350706
4,THE MARVELS,'2023-11-08'08/11/2023,USA,WALT DISNEY S.M.P. ITALIA,210299.79,27928,2844474.63,383115,2023-11-20 15:31:50.351708
5,THE OLD OAK,'2023-11-16'16/11/2023,FRA,LUCKY RED DISTRIB.,127053.64,18979,366027.80,55181,2023-11-20 15:31:50.351708
6,COMANDANTE,'2023-10-31'31/10/2023,ITA,01 DISTRIBUTION,126824.19,17953,3230318.88,473804,2023-11-20 15:31:50.351708
7,THANKSGIVING,'2023-11-16'16/11/2023,USA,EAGLE PICTURES S.P.A.,95936.97,12154,355641.07,45538,2023-11-20 15:31:50.351708
8,FIVE NIGHTS AT FREDDY'S,'2023-11-02'02/11/2023,USA,UNIVERSAL S.R.L.,80244.52,9859,5229352.35,657395,2023-11-20 15:31:50.351708
9,DREAM SCENARIO - HAI MAI SOGNATO QUEST'UOMO?,'2023-11-16'16/11/2023,USA,I WONDER PICTURES S.R.L.,44300.70,6239,123229.42,17604,2023-11-20 15:31:50.351708
10,ME CONTRO TE IL FILM â€“ VACANZE IN TRANSILVANIA,'2023-10-19'19/10/2023,ITA,WARNER BROS ITALIA S.P.A.,37520.80,5383,4551425.30,674907,2023-11-20 15:31:50.351708
Pos.,Titolo,Prima Progr.,Nazione,Distribuzione,Incasso,Presenze,Incasso al 20/11/2023,Presenze al 20/11/2023,2023-11-21 10:43:31.246270
1,C'E' ANCORA DOMANI,'2023-10-26'26/10/2023,ITA,VISION DISTRIBUTION,391745.95,62104,19330905.70,2775193,2023-11-21 10:43:31.247271
2,HUNGER GAMES - LA BALLATA DELL'USIGNOLO E DEL SERPENTE,'2023-11-15'15/11/2023,USA,MEDUSA FILM S.P.A.,166521.40,23229,2568910.18,334213,2023-11-21 10:43:31.247271
3,DALLAMERICARUSO. IL CONCERTO PERDUTO,'2023-11-20'20/11/2023,ITA,NEXO DIGITAL S.P.A.,71583.50,6870,71583.50,6870,2023-11-21 10:43:31.248269
4,THE MARVELS,'2023-11-08'08/11/2023,USA,WALT DISNEY S.M.P. ITALIA,33614.06,5191,2881668.99,388798,2023-11-21 10:43:31.248269
5,THANKSGIVING,'2023-11-16'16/11/2023,USA,EAGLE PICTURES S.P.A.,28604.53,4196,385718.80,49927,2023-11-21 10:43:31.248269
6,THE OLD OAK,'2023-11-16'16/11/2023,FRA,LUCKY RED DISTRIB.,26959.02,4685,393855.02,59980,2023-11-21 10:43:31.248269
7,COMANDANTE,'2023-10-31'31/10/2023,ITA,01 DISTRIBUTION,19637.37,3455,3252914.25,477655,2023-11-21 10:43:31.249268
8,IO CAPITANO,'2023-09-07'07/09/2023,COP,01 DISTRIBUTION,14251.70,3374,4189929.12,726793,2023-11-21 10:43:31.249268
9,TROLLS 3 - TUTTI INSIEME (TROLLS BAND TOGETHER),'2023-11-09'09/11/2023,USA,UNIVERSAL S.R.L.,13974.40,2376,1834876.28,270536,2023-11-21 10:43:31.250268
10,DREAM SCENARIO - HAI MAI SOGNATO QUEST'UOMO?,'2023-11-16'16/11/2023,USA,I WONDER PICTURES S.R.L.,12969.19,2175,136938.61,19876,2023-11-21 10:43:31.250268
Pos.,Titolo,Prima Progr.,Nazione,Distribuzione,Incasso,Presenze,Incasso al 21/11/2023,Presenze al 21/11/2023,2023-11-22 11:19:02.491817
1,C'E' ANCORA DOMANI,'2023-10-26'26/10/2023,ITA,VISION DISTRIBUTION,526427.96,83328,19862528.50,2859214,2023-11-22 11:19:02.496817
2,HUNGER GAMES - LA BALLATA DELL'USIGNOLO E DEL SERPENTE,'2023-11-15'15/11/2023,USA,MEDUSA FILM S.P.A.,207033.57,29071,2779626.39,363764,2023-11-22 11:19:02.496817
3,DALLAMERICARUSO. IL CONCERTO PERDUTO,'2023-11-20'20/11/2023,ITA,NEXO DIGITAL S.P.A.,128352.74,11929,200346.24,18834,2023-11-22 11:19:02.497818
4,THE MARVELS,'2023-11-08'08/11/2023,USA,WALT DISNEY S.M.P. ITALIA,41841.93,6637,2924716.42,395605,2023-11-22 11:19:02.497818
5,THANKSGIVING,'2023-11-16'16/11/2023,USA,EAGLE PICTURES S.P.A.,36295.02,5464,422321.52,55437,2023-11-22 11:19:02.497818
6,THE OLD OAK,'2023-11-16'16/11/2023,FRA,LUCKY RED DISTRIB.,32324.88,5390,426341.90,65400,2023-11-22 11:19:02.497818
7,COMANDANTE,'2023-10-31'31/10/2023,ITA,01 DISTRIBUTION,31755.13,6021,3285173.08,483753,2023-11-22 11:19:02.497818
8,IO CAPITANO,'2023-09-07'07/09/2023,COP,01 DISTRIBUTION,18678.60,4313,4208727.22,731123,2023-11-22 11:19:02.497818
9,TROLLS 3 - TUTTI INSIEME (TROLLS BAND TOGETHER),'2023-11-09'09/11/2023,USA,UNIVERSAL S.R.L.,17939.01,3081,1853489.66,273711,2023-11-22 11:19:02.497818
10,DREAM SCENARIO - HAI MAI SOGNATO QUEST'UOMO?,'2023-11-16'16/11/2023,USA,I WONDER PICTURES S.R.L.,16829.74,2908,153992.32,22819,2023-11-22 11:19:02.498817
Pos.,Titolo,Prima Progr.,Nazione,Distribuzione,Incasso,Presenze,Incasso al 22/11/2023,Presenze al 22/11/2023,2023-11-23 09:39:42.251478
1,C'E' ANCORA DOMANI,'2023-10-26'26/10/2023,ITA,VISION DISTRIBUTION,811229.21,145606,20674937.66,3005002,2023-11-23 09:39:42.256478
2,HUNGER GAMES - LA BALLATA DELL'USIGNOLO E DEL SERPENTE,'2023-11-15'15/11/2023,USA,MEDUSA FILM S.P.A.,212747.76,31858,2992419.15,395631,2023-11-23 09:39:42.256478
3,DALLAMERICARUSO. IL CONCERTO PERDUTO,'2023-11-20'20/11/2023,ITA,NEXO DIGITAL S.P.A.,148457.90,13573,348874.14,32414,2023-11-23 09:39:42.257479
4,THE OLD OAK,'2023-11-16'16/11/2023,GBR,LUCKY RED DISTRIB.,41662.34,7342,468922.84,72906,2023-11-23 09:39:42.257479
5,COMANDANTE,'2023-10-31'31/10/2023,ITA,01 DISTRIBUTION,37201.21,6497,3322735.29,490309,2023-11-23 09:39:42.257479
6,THE MARVELS,'2023-11-08'08/11/2023,USA,WALT DISNEY S.M.P. ITALIA,35620.92,5636,2960337.34,401241,2023-11-23 09:39:42.257479
7,THANKSGIVING,'2023-11-16'16/11/2023,USA,EAGLE PICTURES S.P.A.,34880.58,5395,457202.10,60832,2023-11-23 09:39:42.257479
8,TROLLS 3 - TUTTI INSIEME (TROLLS BAND TOGETHER),'2023-11-09'09/11/2023,USA,UNIVERSAL S.R.L.,18962.76,3296,1872452.42,277007,2023-11-23 09:39:42.257479
9,DREAM SCENARIO - HAI MAI SOGNATO QUEST'UOMO?,'2023-11-16'16/11/2023,USA,I WONDER PICTURES S.R.L.,16060.77,2687,170083.59,25511,2023-11-23 09:39:42.257479
10,IO CAPITANO,'2023-09-07'07/09/2023,COP,01 DISTRIBUTION,12069.00,2675,4220796.22,733798,2023-11-23 09:39:42.257479
Pos.,Titolo,Prima Progr.,Nazione,Distribuzione,Incasso,Presenze,Incasso al 23/11/2023,Presenze al 23/11/2023,2023-11-24 11:50:27.486131
1,NAPOLEON,'2023-11-23'23/11/2023,USA,EAGLE PICTURES S.P.A.,407176.04,55455,407176.04,55455,2023-11-24 11:50:27.498802
2,C'E' ANCORA DOMANI,'2023-10-26'26/10/2023,ITA,VISION DISTRIBUTION,369335.50,57890,21046670.56,3063414,2023-11-24 11:50:27.498802
3,HUNGER GAMES - LA BALLATA DELL'USIGNOLO E DEL SERPENTE,'2023-11-15'15/11/2023,USA,MEDUSA FILM S.P.A.,130934.46,17845,3123353.61,413476,2023-11-24 11:50:27.499308
4,CENTO DOMENICHE,'2023-11-23'23/11/2023,ITA,VISION DISTRIBUTION,42846.85,6843,52810.45,8470,2023-11-24 11:50:27.499308
5,THE OLD OAK,'2023-11-16'16/11/2023,GBR,LUCKY RED DISTRIB.,20319.75,3273,489242.59,76179,2023-11-24 11:50:27.499308
6,THE MARVELS,'2023-11-08'08/11/2023,USA,WALT DISNEY S.M.P. ITALIA,18821.75,2712,2979193.49,403958,2023-11-24 11:50:27.499308
7,THANKSGIVING,'2023-11-16'16/11/2023,USA,EAGLE PICTURES S.P.A.,18645.62,2566,475847.72,63398,2023-11-24 11:50:27.499308
8,IO CAPITANO,'2023-09-07'07/09/2023,COP,01 DISTRIBUTION,18398.38,4302,4239747.60,738243,2023-11-24 11:50:27.499308
9,COMANDANTE,'2023-10-31'31/10/2023,ITA,01 DISTRIBUTION,11106.00,1742,3333985.89,492075,2023-11-24 11:50:27.500315
10,LA CHIMERA,'2023-11-23'23/11/2023,ITA,01 DISTRIBUTION,8904.68,1458,11652.78,1997,2023-11-24 11:50:27.500315
Pos.,Titolo,Prima Progr.,Nazione,Distribuzione,Incasso,Presenze,Incasso al 24/11/2023,Presenze al 24/11/2023,2023-11-25 13:13:46.166487
1,C'E' ANCORA DOMANI,'2023-10-26'26/10/2023,ITA,VISION DISTRIBUTION,617136.01,94153,21666588.17,3158019,2023-11-25 13:13:46.172484
2,NAPOLEON,'2023-11-23'23/11/2023,USA,EAGLE PICTURES S.P.A.,550326.78,74382,961116.22,130337,2023-11-25 13:13:46.172484
3,HUNGER GAMES - LA BALLATA DELL'USIGNOLO E DEL SERPENTE,'2023-11-15'15/11/2023,USA,MEDUSA FILM S.P.A.,226904.82,30544,3351315.63,444174,2023-11-25 13:13:46.172484
4,CENTO DOMENICHE,'2023-11-23'23/11/2023,ITA,VISION DISTRIBUTION,71859.86,11162,125001.91,19686,2023-11-25 13:13:46.172484
5,THE MARVELS,'2023-11-08'08/11/2023,USA,WALT DISNEY S.M.P. ITALIA,38166.56,5314,3017638.55,409325,2023-11-25 13:13:46.172990
6,THANKSGIVING,'2023-11-16'16/11/2023,USA,EAGLE PICTURES S.P.A.,37918.05,4869,513852.27,68280,2023-11-25 13:13:46.172990
7,THE OLD OAK,'2023-11-16'16/11/2023,GBR,LUCKY RED DISTRIB.,34340.83,5408,523823.42,81619,2023-11-25 13:13:46.172990
8,COMANDANTE,'2023-10-31'31/10/2023,ITA,01 DISTRIBUTION,19473.82,2972,3353584.31,495067,2023-11-25 13:13:46.172990
9,TROLLS 3 - TUTTI INSIEME (TROLLS BAND TOGETHER),'2023-11-09'09/11/2023,USA,UNIVERSAL S.R.L.,19122.86,3119,1899503.69,281514,2023-11-25 13:13:46.172990
10,LA CHIMERA,'2023-11-23'23/11/2023,ITA,01 DISTRIBUTION,16140.23,2427,27793.01,4424,2023-11-25 13:13:46.172990
Pos.,Titolo,Prima Progr.,Nazione,Distribuzione,Incasso,Presenze,Incasso al 25/11/2023,Presenze al 25/11/2023,2023-11-26 12:14:40.014573
1,NAPOLEON,'2023-11-23'23/11/2023,USA,EAGLE PICTURES S.P.A.,1065579.97,135510,2029555.19,266268,2023-11-26 12:14:40.014573
2,C'E' ANCORA DOMANI,'2023-10-26'26/10/2023,ITA,VISION DISTRIBUTION,1046568.18,145345,22716899.35,3304028,2023-11-26 12:14:40.014573
3,HUNGER GAMES - LA BALLATA DELL'USIGNOLO E DEL SERPENTE,'2023-11-15'15/11/2023,USA,MEDUSA FILM S.P.A.,425378.97,53765,3777257.60,498023,2023-11-26 12:14:40.014573
4,CENTO DOMENICHE,'2023-11-23'23/11/2023,ITA,VISION DISTRIBUTION,206229.11,29532,332034.02,49339,2023-11-26 12:14:40.014573
5,TROLLS 3 - TUTTI INSIEME (TROLLS BAND TOGETHER),'2023-11-09'09/11/2023,USA,UNIVERSAL S.R.L.,95551.96,14090,1995143.65,295620,2023-11-26 12:14:40.014573
6,THE MARVELS,'2023-11-08'08/11/2023,USA,WALT DISNEY S.M.P. ITALIA,95212.32,12656,3112865.87,421986,2023-11-26 12:14:40.015482
7,THANKSGIVING,'2023-11-16'16/11/2023,USA,EAGLE PICTURES S.P.A.,88255.52,10743,602148.79,79029,2023-11-26 12:14:40.015482
8,THE OLD OAK,'2023-11-16'16/11/2023,GBR,LUCKY RED DISTRIB.,67264.79,9745,591650.21,91452,2023-11-26 12:14:40.015482
9,COMANDANTE,'2023-10-31'31/10/2023,ITA,01 DISTRIBUTION,49398.52,7160,3403173.83,502257,2023-11-26 12:14:40.015482
10,MARY E LO SPIRITO DI MEZZANOTTE,'2023-11-23'23/11/2023,ITA,BIM DISTRIB. S.R.L.,33142.31,5042,46144.73,7384,2023-11-26 12:14:40.015482
Pos.,Titolo,Prima Progr.,Nazione,Distribuzione,Incasso,Presenze,Incasso al 26/11/2023,Presenze al 26/11/2023,2023-11-27 12:57:08.562654
1,C'E' ANCORA DOMANI,'2023-10-26'26/10/2023,ITA,VISION DISTRIBUTION,1176092.47,161547,23908728.22,3468044,2023-11-27 12:57:08.568654
2,NAPOLEON,'2023-11-23'23/11/2023,USA,EAGLE PICTURES S.P.A.,887282.87,114875,2923354.06,382139,2023-11-27 12:57:08.568654
3,HUNGER GAMES - LA BALLATA DELL'USIGNOLO E DEL SERPENTE,'2023-11-15'15/11/2023,USA,MEDUSA FILM S.P.A.,300655.28,38226,4080288.38,536599,2023-11-27 12:57:08.568654
4,CENTO DOMENICHE,'2023-11-23'23/11/2023,ITA,VISION DISTRIBUTION,216526.95,31808,549201.47,81257,2023-11-27 12:57:08.568654
5,TROLLS 3 - TUTTI INSIEME (TROLLS BAND TOGETHER),'2023-11-09'09/11/2023,USA,UNIVERSAL S.R.L.,123068.04,18163,2119213.59,313934,2023-11-27 12:57:08.569653
6,THE MARVELS,'2023-11-08'08/11/2023,USA,WALT DISNEY S.M.P. ITALIA,75147.50,9935,3188714.97,432012,2023-11-27 12:57:08.569653
7,THE OLD OAK,'2023-11-16'16/11/2023,GBR,LUCKY RED DISTRIB.,71051.19,10467,662869.90,101942,2023-11-27 12:57:08.569653
8,COMANDANTE,'2023-10-31'31/10/2023,ITA,01 DISTRIBUTION,45779.74,6800,3449848.07,509223,2023-11-27 12:57:08.569653
9,MARY E LO SPIRITO DI MEZZANOTTE,'2023-11-23'23/11/2023,ITA,BIM DISTRIB. S.R.L.,43954.04,6679,90295.77,14093,2023-11-27 12:57:08.569653
10,THANKSGIVING,'2023-11-16'16/11/2023,USA,EAGLE PICTURES S.P.A.,36518.44,4499,639027.23,83583,2023-11-27 12:57:08.569653
Pos.,Titolo,Prima Progr.,Nazione,Distribuzione,Incasso,Presenze,Incasso al 27/11/2023,Presenze al 27/11/2023,2023-11-28 11:08:55.499115
1,C'E' ANCORA DOMANI,'2023-10-26'26/10/2023,ITA,VISION DISTRIBUTION,336654.49,55426,24253652.01,3524662,2023-11-28 11:08:55.503111
2,NAPOLEON,'2023-11-23'23/11/2023,USA,EAGLE PICTURES S.P.A.,238797.39,34140,3172762.25,417739,2023-11-28 11:08:55.503111
3,HUNGER GAMES - LA BALLATA DELL'USIGNOLO E DEL SERPENTE,'2023-11-15'15/11/2023,USA,MEDUSA FILM S.P.A.,78812.85,11194,4162532.23,548238,2023-11-28 11:08:55.503111
4,CENTO DOMENICHE,'2023-11-23'23/11/2023,ITA,VISION DISTRIBUTION,38395.34,6686,589547.81,88193,2023-11-28 11:08:55.503111
5,PICASSO. UN RIBELLE A PARIGI. STORIA DI UNA VITA E DI UN MUSEO,'2023-11-27'27/11/2023,ITA,NEXO DIGITAL S.P.A.,20611.08,2566,20611.08,2566,2023-11-28 11:08:55.504109
6,IO CAPITANO,'2023-09-07'07/09/2023,COP,01 DISTRIBUTION,16741.60,3686,4275786.94,746256,2023-11-28 11:08:55.504109
7,THE OLD OAK,'2023-11-16'16/11/2023,GBR,LUCKY RED DISTRIB.,14325.79,2417,677270.69,104359,2023-11-28 11:08:55.504109
8,CASANOVA OPERAPOP - IL FILM,'2023-11-27'27/11/2023,ITA,OFFICINE UBU,12261.40,1253,13770.90,1470,2023-11-28 11:08:55.504109
9,THE MARVELS,'2023-11-08'08/11/2023,USA,WALT DISNEY S.M.P. ITALIA,12158.67,1698,3202640.84,433917,2023-11-28 11:08:55.504109
10,THANKSGIVING,'2023-11-16'16/11/2023,USA,EAGLE PICTURES S.P.A.,11883.89,1629,651919.52,85325,2023-11-28 11:08:55.504109
Pos.,Titolo,Prima Progr.,Nazione,Distribuzione,Incasso,Presenze,Incasso al 28/11/2023,Presenze al 28/11/2023,2023-11-29 11:07:47.463540
1,C'E' ANCORA DOMANI,'2023-10-26'26/10/2023,ITA,VISION DISTRIBUTION,418213.37,71372,24679501.78,3597205,2023-11-29 11:07:47.482633
2,NAPOLEON,'2023-11-23'23/11/2023,USA,EAGLE PICTURES S.P.A.,242597.80,35201,3419898.85,453527,2023-11-29 11:07:47.483642
3,HUNGER GAMES - LA BALLATA DELL'USIGNOLO E DEL SERPENTE,'2023-11-15'15/11/2023,USA,MEDUSA FILM S.P.A.,89326.01,12769,4254383.34,561291,2023-11-29 11:07:47.483642
4,CENTO DOMENICHE,'2023-11-23'23/11/2023,ITA,VISION DISTRIBUTION,53961.72,8955,644341.03,97261,2023-11-29 11:07:47.483642
5,PICASSO. UN RIBELLE A PARIGI. STORIA DI UNA VITA E DI UN MUSEO,'2023-11-27'27/11/2023,ITA,NEXO DIGITAL S.P.A.,32326.20,3885,52937.28,6451,2023-11-29 11:07:47.483642
6,LA CHIMERA,'2023-11-23'23/11/2023,ITA,01 DISTRIBUTION,19124.37,3057,125432.09,19064,2023-11-29 11:07:47.483642
7,THE OLD OAK,'2023-11-16'16/11/2023,GBR,LUCKY RED DISTRIB.,17455.84,2945,694726.53,107304,2023-11-29 11:07:47.483642
8,THE MARVELS,'2023-11-08'08/11/2023,USA,WALT DISNEY S.M.P. ITALIA,12856.56,1851,3215619.40,435781,2023-11-29 11:07:47.484636
9,THANKSGIVING,'2023-11-16'16/11/2023,USA,EAGLE PICTURES S.P.A.,11670.51,1644,663749.63,86993,2023-11-29 11:07:47.484636
10,CASANOVA OPERAPOP - IL FILM,'2023-11-27'27/11/2023,ITA,OFFICINE UBU,11373.10,1216,25160.00,2688,2023-11-29 11:07:47.484636
Pos.,Titolo,Prima Progr.,Nazione,Distribuzione,Incasso,Presenze,Incasso al 29/11/2023,Presenze al 29/11/2023,2023-11-30 11:03:46.644534
1,C'E' ANCORA DOMANI,'2023-10-26'26/10/2023,ITA,VISION DISTRIBUTION,452149.59,78119,25138769.37,3676486,2023-11-30 11:03:46.648541
2,NAPOLEON,'2023-11-23'23/11/2023,USA,EAGLE PICTURES S.P.A.,283957.08,44173,3707267.23,498170,2023-11-30 11:03:46.649539
3,HUNGER GAMES - LA BALLATA DELL'USIGNOLO E DEL SERPENTE,'2023-11-15'15/11/2023,USA,MEDUSA FILM S.P.A.,101095.12,15657,4357006.46,577143,2023-11-30 11:03:46.649539
4,CENTO DOMENICHE,'2023-11-23'23/11/2023,ITA,VISION DISTRIBUTION,74253.36,13322,719798.29,110776,2023-11-30 11:03:46.649539
5,PICASSO. UN RIBELLE A PARIGI. STORIA DI UNA VITA E DI UN MUSEO,'2023-11-27'27/11/2023,ITA,NEXO DIGITAL S.P.A.,28995.40,3468,81932.68,9919,2023-11-30 11:03:46.649539
6,LA CHIMERA,'2023-11-23'23/11/2023,ITA,01 DISTRIBUTION,22249.43,3946,147691.72,23012,2023-11-30 11:03:46.649539
7,THE OLD OAK,'2023-11-16'16/11/2023,GBR,LUCKY RED DISTRIB.,21958.33,3905,717001.36,111270,2023-11-30 11:03:46.650540
8,THE MARVELS,'2023-11-08'08/11/2023,USA,WALT DISNEY S.M.P. ITALIA,13711.68,2096,3229398.08,437886,2023-11-30 11:03:46.650540
9,CASANOVA OPERAPOP - IL FILM,'2023-11-27'27/11/2023,ITA,OFFICINE UBU,12645.90,1300,37805.90,3988,2023-11-30 11:03:46.650540
10,THANKSGIVING,'2023-11-16'16/11/2023,USA,EAGLE PICTURES S.P.A.,12006.02,1847,675810.65,88848,2023-11-30 11:03:46.650540
Pos.,Titolo,Prima Progr.,Nazione,Distribuzione,Incasso,Presenze,Incasso al 30/11/2023,Presenze al 30/11/2023,2023-12-01 10:36:17.706979
1,C'E' ANCORA DOMANI,'2023-10-26'26/10/2023,ITA,VISION DISTRIBUTION,270143.00,44640,25413491.17,3721888,2023-12-01 10:36:17.714979
2,NAPOLEON,'2023-11-23'23/11/2023,USA,EAGLE PICTURES S.P.A.,197110.52,27413,3905623.15,525772,2023-12-01 10:36:17.714979
3,HUNGER GAMES - LA BALLATA DELL'USIGNOLO E DEL SERPENTE,'2023-11-15'15/11/2023,USA,MEDUSA FILM S.P.A.,62615.32,8571,4419785.18,585737,2023-12-01 10:36:17.714979
4,CENTO DOMENICHE,'2023-11-23'23/11/2023,ITA,VISION DISTRIBUTION,35486.83,5783,756005.12,116681,2023-12-01 10:36:17.715979
5,HOME EDUCATION - LE REGOLE DEL MALE,'2023-11-30'30/11/2023,ITA,WARNER BROS ITALIA S.P.A.,29804.37,4152,29804.37,4152,2023-12-01 10:36:17.715979
6,DIABOLIK - CHI SEI?,'2023-11-30'30/11/2023,ITA,01 DISTRIBUTION,25605.75,3963,25605.75,3963,2023-12-01 10:36:17.715979
7,LA GUERRA DEI NONNI,'2023-11-30'30/11/2023,ITA,MEDUSA FILM S.P.A.,20429.01,3256,20429.01,3256,2023-12-01 10:36:17.715979
8,PALAZZINA LAF,'2023-11-30'30/11/2023,ITA,BIM DISTRIB. S.R.L.,16126.29,2613,35091.09,5442,2023-12-01 10:36:17.715979
9,IL SILENZIO DELLA VENDETTA (SILENT NIGHT),'2023-11-30'30/11/2023,USA,PLAION PICTURES,15751.12,2234,15751.12,2234,2023-12-01 10:36:17.715979
10,THE OLD OAK,'2023-11-16'16/11/2023,GBR,LUCKY RED DISTRIB.,9844.48,1577,726845.84,112847,2023-12-01 10:36:17.716980
Pos.,Titolo,Prima Progr.,Nazione,Distribuzione,Incasso,Presenze,Incasso al 01/12/2023,Presenze al 01/12/2023,2023-12-02 10:27:52.243222
1,C'E' ANCORA DOMANI,'2023-10-26'26/10/2023,ITA,VISION DISTRIBUTION,393931.10,59581,25814847.27,3782616,2023-12-02 10:27:52.249238
2,NAPOLEON,'2023-11-23'23/11/2023,USA,EAGLE PICTURES S.P.A.,318418.65,43183,4228725.40,569622,2023-12-02 10:27:52.249238
3,HUNGER GAMES - LA BALLATA DELL'USIGNOLO E DEL SERPENTE,'2023-11-15'15/11/2023,USA,MEDUSA FILM S.P.A.,110712.26,14678,4531779.94,600593,2023-12-02 10:27:52.249238
4,CENTO DOMENICHE,'2023-11-23'23/11/2023,ITA,VISION DISTRIBUTION,67545.95,10575,825314.57,127504,2023-12-02 10:27:52.249238
5,DIABOLIK - CHI SEI?,'2023-11-30'30/11/2023,ITA,01 DISTRIBUTION,50465.35,7604,83598.42,12861,2023-12-02 10:27:52.250239
6,HOME EDUCATION - LE REGOLE DEL MALE,'2023-11-30'30/11/2023,ITA,WARNER BROS ITALIA S.P.A.,40979.93,5374,71383.80,9613,2023-12-02 10:27:52.250239
7,LA GUERRA DEI NONNI,'2023-11-30'30/11/2023,ITA,MEDUSA FILM S.P.A.,36998.22,5670,57696.33,8977,2023-12-02 10:27:52.250239
8,IL SILENZIO DELLA VENDETTA (SILENT NIGHT),'2023-11-30'30/11/2023,USA,PLAION PICTURES,25036.05,3347,40976.77,5623,2023-12-02 10:27:52.250239
9,PALAZZINA LAF,'2023-11-30'30/11/2023,ITA,BIM DISTRIB. S.R.L.,24483.45,4001,59712.04,9469,2023-12-02 10:27:52.250239
10,THE OLD OAK,'2023-11-16'16/11/2023,GBR,LUCKY RED DISTRIB.,16691.26,2554,743746.10,115442,2023-12-02 10:27:52.250239
Pos.,Titolo,Prima Progr.,Nazione,Distribuzione,Incasso,Presenze,Incasso al 02/12/2023,Presenze al 02/12/2023,2023-12-03 11:49:58.638204
1,C'E' ANCORA DOMANI,'2023-10-26'26/10/2023,ITA,VISION DISTRIBUTION,711249.80,94774,26532763.57,3878363,2023-12-03 11:49:58.638204
2,NAPOLEON,'2023-11-23'23/11/2023,USA,EAGLE PICTURES S.P.A.,710444.59,90576,4944246.99,660847,2023-12-03 11:49:58.638204
3,HUNGER GAMES - LA BALLATA DELL'USIGNOLO E DEL SERPENTE,'2023-11-15'15/11/2023,USA,MEDUSA FILM S.P.A.,217655.17,27172,4750783.61,627934,2023-12-03 11:49:58.639201
4,PRENDI IL VOLO (MIGRATION),'9999-99-99'- -,USA,UNIVERSAL S.R.L.,192296.85,27335,192296.85,27335,2023-12-03 11:49:58.639201
5,CENTO DOMENICHE,'2023-11-23'23/11/2023,ITA,VISION DISTRIBUTION,180824.89,25977,1007880.94,153743,2023-12-03 11:49:58.639201
6,DIABOLIK - CHI SEI?,'2023-11-30'30/11/2023,ITA,01 DISTRIBUTION,132034.30,18509,216015.72,31422,2023-12-03 11:49:58.639201
7,LA GUERRA DEI NONNI,'2023-11-30'30/11/2023,ITA,MEDUSA FILM S.P.A.,120417.09,17030,178471.92,26067,2023-12-03 11:49:58.639201
8,HOME EDUCATION - LE REGOLE DEL MALE,'2023-11-30'30/11/2023,ITA,WARNER BROS ITALIA S.P.A.,98136.31,12031,169854.11,21685,2023-12-03 11:49:58.640202
9,PALAZZINA LAF,'2023-11-30'30/11/2023,ITA,BIM DISTRIB. S.R.L.,63421.49,9327,123133.53,18796,2023-12-03 11:49:58.640202
10,IL SILENZIO DELLA VENDETTA (SILENT NIGHT),'2023-11-30'30/11/2023,USA,PLAION PICTURES,57518.12,7188,98672.89,12832,2023-12-03 11:49:58.640202
Pos.,Titolo,Prima Progr.,Nazione,Distribuzione,Incasso,Presenze,Incasso al 03/12/2023,Presenze al 03/12/2023,2023-12-04 11:27:17.257264
1,C'E' ANCORA DOMANI,'2023-10-26'26/10/2023,ITA,VISION DISTRIBUTION,729955.63,98793,27281224.45,3980223,2023-12-04 11:27:17.261322
2,NAPOLEON,'2023-11-23'23/11/2023,USA,EAGLE PICTURES S.P.A.,582391.48,76008,5533839.47,737903,2023-12-04 11:27:17.261322
3,PRENDI IL VOLO (MIGRATION),'9999-99-99'- -,USA,UNIVERSAL S.R.L.,227272.79,32128,420871.14,59668,2023-12-04 11:27:17.261322
4,CENTO DOMENICHE,'2023-11-23'23/11/2023,ITA,VISION DISTRIBUTION,190777.09,28130,1200230.13,182138,2023-12-04 11:27:17.262827
5,HUNGER GAMES - LA BALLATA DELL'USIGNOLO E DEL SERPENTE,'2023-11-15'15/11/2023,USA,MEDUSA FILM S.P.A.,152967.54,19363,4905837.65,647580,2023-12-04 11:27:17.262827
6,LA GUERRA DEI NONNI,'2023-11-30'30/11/2023,ITA,MEDUSA FILM S.P.A.,125197.89,18176,305584.81,44559,2023-12-04 11:27:17.262827
7,DIABOLIK - CHI SEI?,'2023-11-30'30/11/2023,ITA,01 DISTRIBUTION,115536.63,16349,332456.35,47896,2023-12-04 11:27:17.262827
8,PALAZZINA LAF,'2023-11-30'30/11/2023,ITA,BIM DISTRIB. S.R.L.,74198.11,11018,198051.14,29922,2023-12-04 11:27:17.262827
9,HOME EDUCATION - LE REGOLE DEL MALE,'2023-11-30'30/11/2023,ITA,WARNER BROS ITALIA S.P.A.,49880.29,6229,220051.40,27956,2023-12-04 11:27:17.262827
10,THE OLD OAK,'2023-11-16'16/11/2023,GBR,LUCKY RED DISTRIB.,40809.92,5840,827168.14,127284,2023-12-04 11:27:17.262827
Pos.,Titolo,Prima Progr.,Nazione,Distribuzione,Incasso,Presenze,Incasso al 04/12/2023,Presenze al 04/12/2023,2023-12-05 09:49:14.948290
1,C'E' ANCORA DOMANI,'2023-10-26'26/10/2023,ITA,VISION DISTRIBUTION,197553.67,34241,27492697.60,4016331,2023-12-05 09:49:14.964751
2,NAPOLEON,'2023-11-23'23/11/2023,USA,EAGLE PICTURES S.P.A.,104951.45,15288,5650431.72,754673,2023-12-05 09:49:14.964751
3,HUNGER GAMES - LA BALLATA DELL'USIGNOLO E DEL SERPENTE,'2023-11-15'15/11/2023,USA,MEDUSA FILM S.P.A.,36804.53,5221,4949170.68,653575,2023-12-05 09:49:14.964751
4,PAOLO CONTE ALLA SCALA - IL MAESTRO E' NELL'ANIMA,'2023-12-04'04/12/2023,ITA,MEDUSA FILM S.P.A.,32100.02,3775,32100.02,3775,2023-12-05 09:49:14.964751
5,DIABOLIK - CHI SEI?,'2023-11-30'30/11/2023,ITA,01 DISTRIBUTION,24191.99,3936,358522.24,52100,2023-12-05 09:49:14.964751
6,CENTO DOMENICHE,'2023-11-23'23/11/2023,ITA,VISION DISTRIBUTION,23231.92,3977,1227332.55,186667,2023-12-05 09:49:14.964751
7,LA GUERRA DEI NONNI,'2023-11-30'30/11/2023,ITA,MEDUSA FILM S.P.A.,17570.82,2920,324818.68,47701,2023-12-05 09:49:14.964751
8,PALAZZINA LAF,'2023-11-30'30/11/2023,ITA,BIM DISTRIB. S.R.L.,16013.99,2599,214463.13,32587,2023-12-05 09:49:14.964751
9,HOME EDUCATION - LE REGOLE DEL MALE,'2023-11-30'30/11/2023,ITA,WARNER BROS ITALIA S.P.A.,15896.24,2253,237438.74,30385,2023-12-05 09:49:14.965748
10,GODZILLA MINUS ONE,'2023-12-01'01/12/2023,JPN,NEXO DIGITAL S.P.A.,15162.06,1646,77014.47,8459,2023-12-05 09:49:14.965748
Pos.,Titolo,Prima Progr.,Nazione,Distribuzione,Incasso,Presenze,Incasso al 05/12/2023,Presenze al 05/12/2023,2023-12-06 10:14:23.048019
1,C'E' ANCORA DOMANI,'2023-10-26'26/10/2023,ITA,VISION DISTRIBUTION,242750.24,41559,27734707.84,4057666,2023-12-06 10:14:23.052027
2,NAPOLEON,'2023-11-23'23/11/2023,USA,EAGLE PICTURES S.P.A.,127837.46,18788,5779023.18,773566,2023-12-06 10:14:23.052027
3,PAOLO CONTE ALLA SCALA - IL MAESTRO E' NELL'ANIMA,'2023-12-04'04/12/2023,ITA,MEDUSA FILM S.P.A.,52722.29,6095,84822.31,9870,2023-12-06 10:14:23.053028
4,HUNGER GAMES - LA BALLATA DELL'USIGNOLO E DEL SERPENTE,'2023-11-15'15/11/2023,USA,MEDUSA FILM S.P.A.,47366.43,6718,4996537.11,660293,2023-12-06 10:14:23.053028
5,DIABOLIK - CHI SEI?,'2023-11-30'30/11/2023,ITA,01 DISTRIBUTION,26555.81,4363,385106.55,56467,2023-12-06 10:14:23.053028
6,CENTO DOMENICHE,'2023-11-23'23/11/2023,ITA,VISION DISTRIBUTION,25356.48,4336,1252711.03,191007,2023-12-06 10:14:23.053533
7,I GOONIES 4K - WB 100TH ANNIVERSARY,'2023-12-04'04/12/2023,USA,WARNER BROS ITALIA S.P.A.,20816.21,2819,34612.42,4659,2023-12-06 10:14:23.053533
8,LA GUERRA DEI NONNI,'2023-11-30'30/11/2023,ITA,MEDUSA FILM S.P.A.,20438.73,3496,345325.41,51207,2023-12-06 10:14:23.053533
9,PALAZZINA LAF,'2023-11-30'30/11/2023,ITA,BIM DISTRIB. S.R.L.,19112.95,3269,233576.08,35856,2023-12-06 10:14:23.053533
10,GODZILLA MINUS ONE,'2023-12-01'01/12/2023,JPN,NEXO DIGITAL S.P.A.,17932.78,1947,94947.25,10406,2023-12-06 10:14:23.053533
Pos.,Titolo,Prima Progr.,Nazione,Distribuzione,Incasso,Presenze,Incasso al 06/12/2023,Presenze al 06/12/2023,2023-12-07 09:44:19.726758
1,C'E' ANCORA DOMANI,'2023-10-26'26/10/2023,ITA,VISION DISTRIBUTION,251885.88,45187,27989772.22,4103382,2023-12-07 09:44:19.731269
2,NAPOLEON,'2023-11-23'23/11/2023,USA,EAGLE PICTURES S.P.A.,143567.57,22133,5922950.75,795746,2023-12-07 09:44:19.732270
3,UN COLPO DI FORTUNA (COUP DE CHANCE),'2023-12-06'06/12/2023,GBR,LUCKY RED DISTRIB.,67984.99,10466,133164.47,19668,2023-12-07 09:44:19.732270
4,PAOLO CONTE ALLA SCALA - IL MAESTRO E' NELL'ANIMA,'2023-12-04'04/12/2023,ITA,MEDUSA FILM S.P.A.,43410.18,5054,128306.49,14932,2023-12-07 09:44:19.732270
5,HUNGER GAMES - LA BALLATA DELL'USIGNOLO E DEL SERPENTE,'2023-11-15'15/11/2023,USA,MEDUSA FILM S.P.A.,43064.37,6301,5039601.48,666594,2023-12-07 09:44:19.732270
6,CENTO DOMENICHE,'2023-11-23'23/11/2023,ITA,VISION DISTRIBUTION,27942.51,4975,1280693.54,195989,2023-12-07 09:44:19.732270
7,DIABOLIK - CHI SEI?,'2023-11-30'30/11/2023,ITA,01 DISTRIBUTION,27309.11,4618,412497.66,61096,2023-12-07 09:44:19.732270
8,PALAZZINA LAF,'2023-11-30'30/11/2023,ITA,BIM DISTRIB. S.R.L.,21637.51,3989,255274.09,39856,2023-12-07 09:44:19.732270
9,GODZILLA MINUS ONE,'2023-12-01'01/12/2023,JPN,NEXO DIGITAL S.P.A.,21415.80,2280,116363.05,12686,2023-12-07 09:44:19.733269
10,LA GUERRA DEI NONNI,'2023-11-30'30/11/2023,ITA,MEDUSA FILM S.P.A.,20318.20,3559,365772.61,54782,2023-12-07 09:44:19.733269
Pos.,Titolo,Prima Progr.,Nazione,Distribuzione,Incasso,Presenze,Incasso al 07/12/2023,Presenze al 07/12/2023,2023-12-08 09:36:46.461063
1,C'E' ANCORA DOMANI,'2023-10-26'26/10/2023,ITA,VISION DISTRIBUTION,251595.18,40262,28243872.40,4144235,2023-12-08 09:36:46.466075
2,NAPOLEON,'2023-11-23'23/11/2023,USA,EAGLE PICTURES S.P.A.,161848.11,21340,6085317.86,817174,2023-12-08 09:36:46.466075
3,PRENDI IL VOLO (MIGRATION),'2023-12-07'07/12/2023,USA,UNIVERSAL S.R.L.,105314.91,15765,529248.25,75882,2023-12-08 09:36:46.466581
4,UN COLPO DI FORTUNA (COUP DE CHANCE),'2023-12-06'06/12/2023,GBR,LUCKY RED DISTRIB.,98933.48,14541,233515.85,34426,2023-12-08 09:36:46.466581
5,HUNGER GAMES - LA BALLATA DELL'USIGNOLO E DEL SERPENTE,'2023-11-15'15/11/2023,USA,MEDUSA FILM S.P.A.,57965.82,7462,5097707.30,674081,2023-12-08 09:36:46.466581
6,IMPROVVISAMENTE A NATALE MI SPOSO,'2023-11-12'12/11/2023,ITA,NOTORIOUS PICT. S.P.A.,30699.75,4448,45303.91,6711,2023-12-08 09:36:46.467088
7,CENTO DOMENICHE,'2023-11-23'23/11/2023,ITA,VISION DISTRIBUTION,30051.29,4420,1309394.33,200152,2023-12-08 09:36:46.467088
8,DIABOLIK - CHI SEI?,'2023-11-30'30/11/2023,ITA,01 DISTRIBUTION,29240.62,4217,441827.28,65331,2023-12-08 09:36:46.467594
9,FERRARI,'2023-12-07'07/12/2023,USA,01 DISTRIBUTION,28661.60,3288,30061.60,3470,2023-12-08 09:36:46.467594
10,HOME EDUCATION - LE REGOLE DEL MALE,'2023-11-30'30/11/2023,ITA,WARNER BROS ITALIA S.P.A.,23788.12,2979,293148.23,38056,2023-12-08 09:36:46.467594
Pos.,Titolo,Prima Progr.,Nazione,Distribuzione,Incasso,Presenze,Incasso al 08/12/2023,Presenze al 08/12/2023,2023-12-09 11:12:22.969857
1,C'E' ANCORA DOMANI,'2023-10-26'26/10/2023,ITA,VISION DISTRIBUTION,501539.94,66358,28745905.34,4210665,2023-12-09 11:12:22.975361
2,PRENDI IL VOLO (MIGRATION),'2023-12-07'07/12/2023,USA,UNIVERSAL S.R.L.,431827.13,60374,961273.88,136288,2023-12-09 11:12:22.975361
3,NAPOLEON,'2023-11-23'23/11/2023,USA,EAGLE PICTURES S.P.A.,393016.46,49991,6479023.82,867270,2023-12-09 11:12:22.975361
4,UN COLPO DI FORTUNA (COUP DE CHANCE),'2023-12-06'06/12/2023,GBR,LUCKY RED DISTRIB.,318584.42,44799,558368.07,80204,2023-12-09 11:12:22.975361
5,CENTO DOMENICHE,'2023-11-23'23/11/2023,ITA,VISION DISTRIBUTION,125193.32,18083,1434770.65,218259,2023-12-09 11:12:22.976362
6,HUNGER GAMES - LA BALLATA DELL'USIGNOLO E DEL SERPENTE,'2023-11-15'15/11/2023,USA,MEDUSA FILM S.P.A.,122507.65,15193,5220244.95,689279,2023-12-09 11:12:22.976362
7,IMPROVVISAMENTE A NATALE MI SPOSO,'2023-11-12'12/11/2023,ITA,NOTORIOUS PICT. S.P.A.,96489.74,13397,141808.65,20111,2023-12-09 11:12:22.976362
8,LA GUERRA DEI NONNI,'2023-11-30'30/11/2023,ITA,MEDUSA FILM S.P.A.,76583.58,11056,462339.14,68853,2023-12-09 11:12:22.976362
9,DIABOLIK - CHI SEI?,'2023-11-30'30/11/2023,ITA,01 DISTRIBUTION,70508.56,9735,512381.84,75074,2023-12-09 11:12:22.976362
10,LA CHIMERA,'2023-11-23'23/11/2023,ITA,01 DISTRIBUTION,47963.75,6324,360234.55,53005,2023-12-09 11:12:22.976362
Pos.,Titolo,Prima Progr.,Nazione,Distribuzione,Incasso,Presenze,Incasso al 09/12/2023,Presenze al 09/12/2023,2023-12-10 10:51:04.775735
1,C'E' ANCORA DOMANI,'2023-10-26'26/10/2023,ITA,VISION DISTRIBUTION,419047.04,55571,29167413.88,4266561,2023-12-10 10:51:04.777735
2,NAPOLEON,'2023-11-23'23/11/2023,USA,EAGLE PICTURES S.P.A.,350813.95,44465,6831773.77,911990,2023-12-10 10:51:04.778737
3,PRENDI IL VOLO (MIGRATION),'2023-12-07'07/12/2023,USA,UNIVERSAL S.R.L.,349903.45,49329,1313458.83,185951,2023-12-10 10:51:04.778737
4,UN COLPO DI FORTUNA (COUP DE CHANCE),'2023-12-06'06/12/2023,GBR,LUCKY RED DISTRIB.,295742.70,41721,856753.77,122307,2023-12-10 10:51:04.778737
5,HUNGER GAMES - LA BALLATA DELL'USIGNOLO E DEL SERPENTE,'2023-11-15'15/11/2023,USA,MEDUSA FILM S.P.A.,120965.00,15049,5341341.95,704346,2023-12-10 10:51:04.778737
6,CENTO DOMENICHE,'2023-11-23'23/11/2023,ITA,VISION DISTRIBUTION,108236.95,15769,1545139.07,234369,2023-12-10 10:51:04.778737
7,IMPROVVISAMENTE A NATALE MI SPOSO,'2023-11-12'12/11/2023,ITA,NOTORIOUS PICT. S.P.A.,93194.54,12820,235234.19,32966,2023-12-10 10:51:04.778737
8,DIABOLIK - CHI SEI?,'2023-11-30'30/11/2023,ITA,01 DISTRIBUTION,68426.69,9305,581168.53,84422,2023-12-10 10:51:04.778737
9,LA GUERRA DEI NONNI,'2023-11-30'30/11/2023,ITA,MEDUSA FILM S.P.A.,66173.90,9586,528769.04,78479,2023-12-10 10:51:04.778737
10,HOME EDUCATION - LE REGOLE DEL MALE,'2023-11-30'30/11/2023,ITA,WARNER BROS ITALIA S.P.A.,48297.92,5831,376182.74,48085,2023-12-10 10:51:04.778737
Pos.,Titolo,Prima Progr.,Nazione,Distribuzione,Incasso,Presenze,Incasso al 10/12/2023,Presenze al 10/12/2023,2023-12-11 10:27:25.704700
1,C'E' ANCORA DOMANI,'2023-10-26'26/10/2023,ITA,VISION DISTRIBUTION,375999.18,50946,29545178.58,4317793,2023-12-11 10:27:25.707700
2,PRENDI IL VOLO (MIGRATION),'2023-12-07'07/12/2023,USA,UNIVERSAL S.R.L.,350618.62,49860,1666319.59,236159,2023-12-11 10:27:25.708701
3,UN COLPO DI FORTUNA (COUP DE CHANCE),'2023-12-06'06/12/2023,GBR,LUCKY RED DISTRIB.,279333.10,40161,1137033.87,162607,2023-12-11 10:27:25.708701
4,NAPOLEON,'2023-11-23'23/11/2023,USA,EAGLE PICTURES S.P.A.,270282.68,35146,7103687.45,947371,2023-12-11 10:27:25.708701
5,CENTO DOMENICHE,'2023-11-23'23/11/2023,ITA,VISION DISTRIBUTION,113522.39,17096,1662966.00,252199,2023-12-11 10:27:25.708701
6,IMPROVVISAMENTE A NATALE MI SPOSO,'2023-11-12'12/11/2023,ITA,NOTORIOUS PICT. S.P.A.,78546.61,11210,314044.80,44219,2023-12-11 10:27:25.708701
7,HUNGER GAMES - LA BALLATA DELL'USIGNOLO E DEL SERPENTE,'2023-11-15'15/11/2023,USA,MEDUSA FILM S.P.A.,77065.08,9788,5418490.03,714145,2023-12-11 10:27:25.708701
8,LA GUERRA DEI NONNI,'2023-11-30'30/11/2023,ITA,MEDUSA FILM S.P.A.,74211.61,10980,603306.65,89511,2023-12-11 10:27:25.708701
9,DIABOLIK - CHI SEI?,'2023-11-30'30/11/2023,ITA,01 DISTRIBUTION,53408.23,7422,635093.26,91919,2023-12-11 10:27:25.709703
10,PALAZZINA LAF,'2023-11-30'30/11/2023,ITA,BIM DISTRIB. S.R.L.,52740.06,7676,421477.24,64370,2023-12-11 10:27:25.709703
Pos.,Titolo,Prima Progr.,Nazione,Distribuzione,Incasso,Presenze,Incasso al 11/12/2023,Presenze al 11/12/2023,2023-12-12 11:03:02.477429
1,C'E' ANCORA DOMANI,'2023-10-26'26/10/2023,ITA,VISION DISTRIBUTION,114389.65,20336,29669536.23,4339584,2023-12-12 11:03:02.480429
2,NAPOLEON,'2023-11-23'23/11/2023,USA,EAGLE PICTURES S.P.A.,53599.93,7989,7160605.58,955752,2023-12-12 11:03:02.480429
3,UN COLPO DI FORTUNA (COUP DE CHANCE),'2023-12-06'06/12/2023,GBR,LUCKY RED DISTRIB.,46893.78,7819,1186819.35,170800,2023-12-12 11:03:02.480429
4,PRENDI IL VOLO (MIGRATION),'2023-12-07'07/12/2023,USA,UNIVERSAL S.R.L.,34664.84,5853,1705179.84,242553,2023-12-12 11:03:02.480429
5,LA CHIMERA,'2023-11-23'23/11/2023,ITA,01 DISTRIBUTION,19312.73,2910,474584.27,68610,2023-12-12 11:03:02.481935
6,HUNGER GAMES - LA BALLATA DELL'USIGNOLO E DEL SERPENTE,'2023-11-15'15/11/2023,USA,MEDUSA FILM S.P.A.,19045.46,2611,5438956.99,716919,2023-12-12 11:03:02.481935
7,CENTO DOMENICHE,'2023-11-23'23/11/2023,ITA,VISION DISTRIBUTION,16004.28,2817,1682523.16,255527,2023-12-12 11:03:02.481935
8,IMPROVVISAMENTE A NATALE MI SPOSO,'2023-11-12'12/11/2023,ITA,NOTORIOUS PICT. S.P.A.,11371.01,1779,325582.81,46024,2023-12-12 11:03:02.481935
9,PALAZZINA LAF,'2023-11-30'30/11/2023,ITA,BIM DISTRIB. S.R.L.,10706.23,1764,432183.47,66134,2023-12-12 11:03:02.481935
10,FERRARI,'2023-12-07'07/12/2023,USA,01 DISTRIBUTION,10234.80,1336,143186.38,16731,2023-12-12 11:03:02.481935
Pos.,Titolo,Prima Progr.,Nazione,Distribuzione,Incasso,Presenze,Incasso al 12/12/2023,Presenze al 12/12/2023,2023-12-13 09:57:46.950165
1,C'E' ANCORA DOMANI,'2023-10-26'26/10/2023,ITA,VISION DISTRIBUTION,141734.25,25490,29816823.28,4366141,2023-12-13 09:57:46.953165
2,UN COLPO DI FORTUNA (COUP DE CHANCE),'2023-12-06'06/12/2023,GBR,LUCKY RED DISTRIB.,55434.91,9262,1242633.46,180126,2023-12-13 09:57:46.953165
3,NAPOLEON,'2023-11-23'23/11/2023,USA,EAGLE PICTURES S.P.A.,52446.24,7913,7213550.32,963740,2023-12-13 09:57:46.954164
4,"IO, NOI E GABER",'2023-11-06'06/11/2023,ITA,LUCKY RED DISTRIB.,46328.20,6658,546846.34,73553,2023-12-13 09:57:46.954164
5,PRENDI IL VOLO (MIGRATION),'2023-12-07'07/12/2023,USA,UNIVERSAL S.R.L.,37969.80,6217,1743622.14,248864,2023-12-13 09:57:46.954164
6,HUNGER GAMES - LA BALLATA DELL'USIGNOLO E DEL SERPENTE,'2023-11-15'15/11/2023,USA,MEDUSA FILM S.P.A.,19857.75,2862,5458913.44,719796,2023-12-13 09:57:46.954164
7,ROYAL OPERA HOUSE 2023/2024,'2023-09-20'20/09/2023,GBR,NEXO DIGITAL S.P.A.,19784.50,1916,35873.50,3496,2023-12-13 09:57:46.954164
8,CENTO DOMENICHE,'2023-11-23'23/11/2023,ITA,VISION DISTRIBUTION,17048.16,3139,1699596.22,258669,2023-12-13 09:57:46.954164
9,LA CHIMERA,'2023-11-23'23/11/2023,ITA,01 DISTRIBUTION,16355.25,2514,490939.52,71124,2023-12-13 09:57:46.954164
10,IO CAPITANO,'2023-09-07'07/09/2023,COP,01 DISTRIBUTION,13680.66,3693,4393050.96,773435,2023-12-13 09:57:46.954164
Pos.,Titolo,Prima Progr.,Nazione,Distribuzione,Incasso,Presenze,Incasso al 13/12/2023,Presenze al 13/12/2023,2023-12-14 11:22:19.247285
1,C'E' ANCORA DOMANI,'2023-10-26'26/10/2023,ITA,VISION DISTRIBUTION,157361.75,29227,29976654.43,4395868,2023-12-14 11:22:19.250285
2,NAPOLEON,'2023-11-23'23/11/2023,USA,EAGLE PICTURES S.P.A.,63772.88,10160,7277550.20,973934,2023-12-14 11:22:19.250285
3,UN COLPO DI FORTUNA (COUP DE CHANCE),'2023-12-06'06/12/2023,GBR,LUCKY RED DISTRIB.,63352.58,11247,1306085.94,191390,2023-12-14 11:22:19.251288
4,"IO, NOI E GABER",'2023-11-06'06/11/2023,ITA,LUCKY RED DISTRIB.,50717.52,7301,597563.86,80854,2023-12-14 11:22:19.251288
5,PRENDI IL VOLO (MIGRATION),'2023-12-07'07/12/2023,USA,UNIVERSAL S.R.L.,47904.41,8413,1791726.55,257314,2023-12-14 11:22:19.251288
6,HUNGER GAMES - LA BALLATA DELL'USIGNOLO E DEL SERPENTE,'2023-11-15'15/11/2023,USA,MEDUSA FILM S.P.A.,22025.84,3349,5480974.38,723152,2023-12-14 11:22:19.251288
7,LA CHIMERA,'2023-11-23'23/11/2023,ITA,01 DISTRIBUTION,20828.53,3606,511768.05,74730,2023-12-14 11:22:19.251288
8,CENTO DOMENICHE,'2023-11-23'23/11/2023,ITA,VISION DISTRIBUTION,17223.75,3082,1716819.97,261751,2023-12-14 11:22:19.251288
9,PALAZZINA LAF,'2023-11-30'30/11/2023,ITA,BIM DISTRIB. S.R.L.,13857.35,2633,455603.32,70399,2023-12-14 11:22:19.251288
10,DIABOLIK - CHI SEI?,'2023-11-30'30/11/2023,ITA,01 DISTRIBUTION,13532.24,2362,670001.95,97643,2023-12-14 11:22:19.251288
Pos.,Titolo,Prima Progr.,Nazione,Distribuzione,Incasso,Presenze,Incasso al 14/12/2023,Presenze al 14/12/2023,2023-12-15 10:55:06.124244
1,WONKA,'2023-12-14'14/12/2023,USA,WARNER BROS ITALIA S.P.A.,412146.23,57049,418583.53,57860,2023-12-15 10:55:06.125243
2,SANTOCIELO,'2023-12-14'14/12/2023,ITA,MEDUSA FILM S.P.A.,124073.40,18372,148721.24,21592,2023-12-15 10:55:06.125243
3,FERRARI,'2023-12-07'07/12/2023,USA,01 DISTRIBUTION,106480.12,14843,270450.26,34401,2023-12-15 10:55:06.126247
4,C'E' ANCORA DOMANI,'2023-10-26'26/10/2023,ITA,VISION DISTRIBUTION,89587.46,16829,30070045.21,4413504,2023-12-15 10:55:06.126247
5,ADAGIO,'2023-12-14'14/12/2023,ITA,VISION DISTRIBUTION,43466.90,6546,50653.70,7546,2023-12-15 10:55:06.126247
6,UN COLPO DI FORTUNA (COUP DE CHANCE),'2023-12-06'06/12/2023,GBR,LUCKY RED DISTRIB.,30841.69,4876,1337446.23,196356,2023-12-15 10:55:06.126247
7,NAPOLEON,'2023-11-23'23/11/2023,USA,EAGLE PICTURES S.P.A.,26647.04,3739,7305498.60,977925,2023-12-15 10:55:06.126247
8,PRENDI IL VOLO (MIGRATION),'2023-12-07'07/12/2023,USA,UNIVERSAL S.R.L.,19771.32,3376,1812036.47,260789,2023-12-15 10:55:06.126247
9,LA CHIMERA,'2023-11-23'23/11/2023,ITA,01 DISTRIBUTION,14609.80,2172,526430.85,76911,2023-12-15 10:55:06.126247
10,HUNGER GAMES - LA BALLATA DELL'USIGNOLO E DEL SERPENTE,'2023-11-15'15/11/2023,USA,MEDUSA FILM S.P.A.,6272.70,864,5487392.48,724040,2023-12-15 10:55:06.126247
Pos.,Titolo,Prima Progr.,Nazione,Distribuzione,Incasso,Presenze,Incasso al 15/12/2023,Presenze al 15/12/2023,2023-12-16 09:45:52.197955
1,WONKA,'2023-12-14'14/12/2023,USA,WARNER BROS ITALIA S.P.A.,545043.72,74073,966798.25,132366,2023-12-16 09:45:52.203463
2,SANTOCIELO,'2023-12-14'14/12/2023,ITA,MEDUSA FILM S.P.A.,177157.71,25907,328682.35,47776,2023-12-16 09:45:52.203463
3,FERRARI,'2023-12-07'07/12/2023,USA,01 DISTRIBUTION,131697.60,18006,403649.46,52597,2023-12-16 09:45:52.203463
4,C'E' ANCORA DOMANI,'2023-10-26'26/10/2023,ITA,VISION DISTRIBUTION,128849.87,22352,30200146.98,4436076,2023-12-16 09:45:52.203463
5,ADAGIO,'2023-12-14'14/12/2023,ITA,VISION DISTRIBUTION,61684.28,9056,112148.38,16623,2023-12-16 09:45:52.203463
6,UN COLPO DI FORTUNA (COUP DE CHANCE),'2023-12-06'06/12/2023,GBR,LUCKY RED DISTRIB.,47870.59,7147,1385559.82,203547,2023-12-16 09:45:52.203463
7,NAPOLEON,'2023-11-23'23/11/2023,USA,EAGLE PICTURES S.P.A.,41410.46,5587,7347085.56,983534,2023-12-16 09:45:52.203463
8,PRENDI IL VOLO (MIGRATION),'2023-12-07'07/12/2023,USA,UNIVERSAL S.R.L.,39831.42,6509,1852001.29,267316,2023-12-16 09:45:52.204462
9,LA CHIMERA,'2023-11-23'23/11/2023,ITA,01 DISTRIBUTION,17089.22,2412,543694.07,79349,2023-12-16 09:45:52.204462
10,HUNGER GAMES - LA BALLATA DELL'USIGNOLO E DEL SERPENTE,'2023-11-15'15/11/2023,USA,MEDUSA FILM S.P.A.,12602.15,1685,5499994.63,725725,2023-12-16 09:45:52.204462
Pos.,Titolo,Prima Progr.,Nazione,Distribuzione,Incasso,Presenze,Incasso al 16/12/2023,Presenze al 16/12/2023,2023-12-17 10:34:47.654305
1,WONKA,'2023-12-14'14/12/2023,USA,WARNER BROS ITALIA S.P.A.,1133583.01,145370,2101493.26,277891,2023-12-17 10:34:47.657308
2,SANTOCIELO,'2023-12-14'14/12/2023,ITA,MEDUSA FILM S.P.A.,453987.72,63762,783449.97,111672,2023-12-17 10:34:47.657308
3,FERRARI,'2023-12-07'07/12/2023,USA,01 DISTRIBUTION,303074.03,39530,707269.59,92205,2023-12-17 10:34:47.657308
4,C'E' ANCORA DOMANI,'2023-10-26'26/10/2023,ITA,VISION DISTRIBUTION,188953.93,25817,30389550.81,4461978,2023-12-17 10:34:47.657308
5,ADAGIO,'2023-12-14'14/12/2023,ITA,VISION DISTRIBUTION,148242.42,20298,260597.80,36952,2023-12-17 10:34:47.657308
6,PRENDI IL VOLO (MIGRATION),'2023-12-07'07/12/2023,USA,UNIVERSAL S.R.L.,127197.84,18337,1979199.13,285653,2023-12-17 10:34:47.657308
7,UN COLPO DI FORTUNA (COUP DE CHANCE),'2023-12-06'06/12/2023,GBR,LUCKY RED DISTRIB.,125332.61,17443,1511276.63,221055,2023-12-17 10:34:47.658304
8,NAPOLEON,'2023-11-23'23/11/2023,USA,EAGLE PICTURES S.P.A.,105904.70,13381,7453008.26,996917,2023-12-17 10:34:47.658304
9,SEVENTEEN TOUR FOLLOW TO JAPAN: LIVE VIEWING,'2023-12-16'16/12/2023,KOR,INDIPENDENTI REGIONALI,66089.87,3121,66089.87,3121,2023-12-17 10:34:47.658304
10,LA CHIMERA,'2023-11-23'23/11/2023,ITA,01 DISTRIBUTION,33064.28,4570,576758.35,83919,2023-12-17 10:34:47.658304
Pos.,Titolo,Prima Progr.,Nazione,Distribuzione,Incasso,Presenze,Incasso al 17/12/2023,Presenze al 17/12/2023,2023-12-18 10:52:34.381445
1,WONKA,'2023-12-14'14/12/2023,USA,WARNER BROS ITALIA S.P.A.,1020192.73,134113,3123269.49,412328,2023-12-18 10:52:34.381445
2,SANTOCIELO,'2023-12-14'14/12/2023,ITA,MEDUSA FILM S.P.A.,510752.49,72632,1298765.96,185039,2023-12-18 10:52:34.381445
3,FERRARI,'2023-12-07'07/12/2023,USA,01 DISTRIBUTION,280286.47,37388,987746.56,129683,2023-12-18 10:52:34.381445
4,C'E' ANCORA DOMANI,'2023-10-26'26/10/2023,ITA,VISION DISTRIBUTION,199047.01,26460,30591971.32,4488930,2023-12-18 10:52:34.381445
5,PRENDI IL VOLO (MIGRATION),'2023-12-07'07/12/2023,USA,UNIVERSAL S.R.L.,163714.11,23300,2143090.74,308983,2023-12-18 10:52:34.381445
6,ADAGIO,'2023-12-14'14/12/2023,ITA,VISION DISTRIBUTION,129266.54,18176,389864.34,55128,2023-12-18 10:52:34.382446
7,UN COLPO DI FORTUNA (COUP DE CHANCE),'2023-12-06'06/12/2023,GBR,LUCKY RED DISTRIB.,123200.25,17527,1635339.88,238713,2023-12-18 10:52:34.382446
8,NAPOLEON,'2023-11-23'23/11/2023,USA,EAGLE PICTURES S.P.A.,80429.25,10324,7533437.51,1007241,2023-12-18 10:52:34.382446
9,LA CHIMERA,'2023-11-23'23/11/2023,ITA,01 DISTRIBUTION,37888.24,5230,615026.59,89211,2023-12-18 10:52:34.382446
10,CENTO DOMENICHE,'2023-11-23'23/11/2023,ITA,VISION DISTRIBUTION,32348.33,5239,1782135.73,272245,2023-12-18 10:52:34.382446
Pos.,Titolo,Prima Progr.,Nazione,Distribuzione,Incasso,Presenze,Incasso al 18/12/2023,Presenze al 18/12/2023,2023-12-19 10:50:54.962802
1,WONKA,'2023-12-14'14/12/2023,USA,WARNER BROS ITALIA S.P.A.,241618.88,34418,3374915.11,448026,2023-12-19 10:50:54.967352
2,C'E' ANCORA DOMANI,'2023-10-26'26/10/2023,ITA,VISION DISTRIBUTION,109848.64,20389,30704150.06,4509623,2023-12-19 10:50:54.967352
3,SANTOCIELO,'2023-12-14'14/12/2023,ITA,MEDUSA FILM S.P.A.,89835.79,13595,1392707.75,199222,2023-12-19 10:50:54.967352
4,FERRARI,'2023-12-07'07/12/2023,USA,01 DISTRIBUTION,74716.34,11004,1067713.00,141342,2023-12-19 10:50:54.968351
5,ADAGIO,'2023-12-14'14/12/2023,ITA,VISION DISTRIBUTION,32437.84,5008,423114.08,60230,2023-12-19 10:50:54.968351
6,DOC. NELLE TUE MANI - STAGIONE 3,'2023-12-19'19/12/2023,ITA,LUX VIDE,24723.85,2709,24723.85,2709,2023-12-19 10:50:54.968351
7,UN COLPO DI FORTUNA (COUP DE CHANCE),'2023-12-06'06/12/2023,GBR,LUCKY RED DISTRIB.,21786.56,3527,1658058.94,242422,2023-12-19 10:50:54.968351
8,NAPOLEON,'2023-11-23'23/11/2023,USA,EAGLE PICTURES S.P.A.,21475.34,3178,7555884.75,1010532,2023-12-19 10:50:54.968351
9,IO CAPITANO,'2023-09-07'07/09/2023,COP,01 DISTRIBUTION,16416.00,3949,4429523.46,782050,2023-12-19 10:50:54.968351
10,PRENDI IL VOLO (MIGRATION),'2023-12-07'07/12/2023,USA,UNIVERSAL S.R.L.,16153.17,2815,2161436.91,312094,2023-12-19 10:50:54.969354
Pos.,Titolo,Prima Progr.,Nazione,Distribuzione,Incasso,Presenze,Incasso al 19/12/2023,Presenze al 19/12/2023,2023-12-20 10:43:14.106976
1,WONKA,'2023-12-14'14/12/2023,USA,WARNER BROS ITALIA S.P.A.,263421.39,37290,3646501.90,486298,2023-12-20 10:43:14.112975
2,SANTOCIELO,'2023-12-14'14/12/2023,ITA,MEDUSA FILM S.P.A.,110167.04,16857,1504231.39,216252,2023-12-20 10:43:14.112975
3,C'E' ANCORA DOMANI,'2023-10-26'26/10/2023,ITA,VISION DISTRIBUTION,108363.47,19654,30815651.23,4529913,2023-12-20 10:43:14.113976
4,FERRARI,'2023-12-07'07/12/2023,USA,01 DISTRIBUTION,82749.54,11992,1152657.14,153617,2023-12-20 10:43:14.113976
5,ADAGIO,'2023-12-14'14/12/2023,ITA,VISION DISTRIBUTION,37750.93,5854,462634.91,66326,2023-12-20 10:43:14.113976
6,UN COLPO DI FORTUNA (COUP DE CHANCE),'2023-12-06'06/12/2023,GBR,LUCKY RED DISTRIB.,27294.93,4510,1685582.77,246966,2023-12-20 10:43:14.113976
7,NAPOLEON,'2023-11-23'23/11/2023,USA,EAGLE PICTURES S.P.A.,24890.15,3736,7581898.90,1014551,2023-12-20 10:43:14.113976
8,DOC. NELLE TUE MANI - STAGIONE 3,'2023-12-19'19/12/2023,ITA,LUX VIDE,18930.10,2059,45720.85,5002,2023-12-20 10:43:14.113976
9,PRENDI IL VOLO (MIGRATION),'2023-12-07'07/12/2023,USA,UNIVERSAL S.R.L.,17726.89,3146,2180008.90,315377,2023-12-20 10:43:14.113976
10,LA CHIMERA,'2023-11-23'23/11/2023,ITA,01 DISTRIBUTION,14080.14,2124,645530.70,93949,2023-12-20 10:43:14.113976
Pos.,Titolo,Prima Progr.,Nazione,Distribuzione,Incasso,Presenze,Incasso al 20/12/2023,Presenze al 20/12/2023,2023-12-21 11:20:05.426650
1,WONKA,'2023-12-14'14/12/2023,USA,WARNER BROS ITALIA S.P.A.,251733.80,37960,3900191.90,524548,2023-12-21 11:20:05.431651
2,AQUAMAN E IL REGNO PERDUTO (AQUAMAN AND THE LOST KINGDOM),'2023-12-20'20/12/2023,USA,WARNER BROS ITALIA S.P.A.,162175.91,21631,162175.91,21631,2023-12-21 11:20:05.432651
3,C'E' ANCORA DOMANI,'2023-10-26'26/10/2023,ITA,VISION DISTRIBUTION,119705.85,23180,30935856.88,4553169,2023-12-21 11:20:05.432651
4,SANTOCIELO,'2023-12-14'14/12/2023,ITA,MEDUSA FILM S.P.A.,95196.16,15006,1607774.25,232576,2023-12-21 11:20:05.432651
5,FERRARI,'2023-12-07'07/12/2023,USA,01 DISTRIBUTION,81833.29,12679,1234793.53,166351,2023-12-21 11:20:05.432651
6,ADAGIO,'2023-12-14'14/12/2023,ITA,VISION DISTRIBUTION,36099.75,5931,498950.36,72293,2023-12-21 11:20:05.432651
7,UN COLPO DI FORTUNA (COUP DE CHANCE),'2023-12-06'06/12/2023,GBR,LUCKY RED DISTRIB.,24196.86,4127,1710014.83,251132,2023-12-21 11:20:05.432651
8,PRENDI IL VOLO (MIGRATION),'2023-12-07'07/12/2023,USA,UNIVERSAL S.R.L.,19553.18,3494,2199575.98,318873,2023-12-21 11:20:05.432651
9,NAPOLEON,'2023-11-23'23/11/2023,USA,EAGLE PICTURES S.P.A.,17349.13,2802,7599983.73,1017521,2023-12-21 11:20:05.432651
10,LA CHIMERA,'2023-11-23'23/11/2023,ITA,01 DISTRIBUTION,16798.30,2810,662329.00,96759,2023-12-21 11:20:05.433651
Pos.,Titolo,Prima Progr.,Nazione,Distribuzione,Incasso,Presenze,Incasso al 21/12/2023,Presenze al 21/12/2023,2023-12-22 12:02:48.697408
1,WONKA,'2023-12-14'14/12/2023,GBR,WARNER BROS ITALIA S.P.A.,214318.17,30057,4116871.68,554916,2023-12-22 12:02:48.703653
2,WISH,'2023-12-21'21/12/2023,USA,WALT DISNEY S.M.P. ITALIA,151593.44,23033,151593.44,23033,2023-12-22 12:02:48.703653
3,AQUAMAN E IL REGNO PERDUTO (AQUAMAN AND THE LOST KINGDOM),'2023-12-20'20/12/2023,USA,WARNER BROS ITALIA S.P.A.,130616.98,17757,294909.25,39633,2023-12-22 12:02:48.703653
4,C'E' ANCORA DOMANI,'2023-10-26'26/10/2023,ITA,VISION DISTRIBUTION,91900.40,18058,31028787.18,4571428,2023-12-22 12:02:48.703653
5,SANTOCIELO,'2023-12-14'14/12/2023,ITA,MEDUSA FILM S.P.A.,85179.96,13699,1694056.71,246434,2023-12-22 12:02:48.704657
6,REINASSANCE: A FILM BY BEYONCE','2023-12-21'21/12/2023,USA,NEXO DIGITAL S.P.A.,84831.00,4910,84831.00,4910,2023-12-22 12:02:48.704657
7,FERRARI,'2023-12-07'07/12/2023,USA,01 DISTRIBUTION,63940.13,9006,1299410.15,175467,2023-12-22 12:02:48.704657
8,ADAGIO,'2023-12-14'14/12/2023,ITA,VISION DISTRIBUTION,24693.04,3612,523900.49,75944,2023-12-22 12:02:48.704657
9,FOGLIE AL VENTO (FALLEN LEAVES),'2023-12-21'21/12/2023,FIN,LUCKY RED DISTRIB.,21750.78,3418,35449.38,5181,2023-12-22 12:02:48.704657
10,ONE LIFE,'2023-12-21'21/12/2023,USA,EAGLE PICTURES S.P.A.,19668.59,3105,19668.59,3105,2023-12-22 12:02:48.704657
Pos.,Titolo,Prima Progr.,Nazione,Distribuzione,Incasso,Presenze,Incasso al 22/12/2023,Presenze al 22/12/2023,2023-12-23 10:44:45.207576
1,WONKA,'2023-12-14'14/12/2023,GBR,WARNER BROS ITALIA S.P.A.,360059.57,49655,4478273.85,604784,2023-12-23 10:44:45.215630
2,WISH,'2023-12-21'21/12/2023,USA,WALT DISNEY S.M.P. ITALIA,213365.61,32439,365244.55,55528,2023-12-23 10:44:45.215630
3,AQUAMAN E IL REGNO PERDUTO (AQUAMAN AND THE LOST KINGDOM),'2023-12-20'20/12/2023,USA,WARNER BROS ITALIA S.P.A.,203338.55,26809,498503.90,66471,2023-12-23 10:44:45.215630
4,C'E' ANCORA DOMANI,'2023-10-26'26/10/2023,ITA,VISION DISTRIBUTION,134996.84,26421,31163887.02,4597838,2023-12-23 10:44:45.216633
5,SANTOCIELO,'2023-12-14'14/12/2023,ITA,MEDUSA FILM S.P.A.,110355.40,15842,1804045.11,262195,2023-12-23 10:44:45.216633
6,FERRARI,'2023-12-07'07/12/2023,USA,01 DISTRIBUTION,93355.08,12902,1392851.83,188380,2023-12-23 10:44:45.216633
7,REINASSANCE: A FILM BY BEYONCE','2023-12-21'21/12/2023,USA,NEXO DIGITAL S.P.A.,58685.00,3347,143516.00,8257,2023-12-23 10:44:45.216633
8,ADAGIO,'2023-12-14'14/12/2023,ITA,VISION DISTRIBUTION,31068.71,4352,554993.20,80300,2023-12-23 10:44:45.216633
9,ONE LIFE,'2023-12-21'21/12/2023,USA,EAGLE PICTURES S.P.A.,30395.33,4603,50084.92,7710,2023-12-23 10:44:45.216633
10,FOGLIE AL VENTO (FALLEN LEAVES),'2023-12-21'21/12/2023,FIN,LUCKY RED DISTRIB.,25014.99,3940,61319.87,9280,2023-12-23 10:44:45.216633
Pos.,Titolo,Prima Progr.,Nazione,Distribuzione,Incasso,Presenze,Incasso al 23/12/2023,Presenze al 23/12/2023,2023-12-24 11:32:03.105757
1,WONKA,'2023-12-14'14/12/2023,GBR,WARNER BROS ITALIA S.P.A.,630612.08,81668,5112621.23,686997,2023-12-24 11:32:03.115266
2,WISH,'2023-12-21'21/12/2023,USA,WALT DISNEY S.M.P. ITALIA,437968.20,61293,805916.55,117228,2023-12-24 11:32:03.116266
3,AQUAMAN E IL REGNO PERDUTO (AQUAMAN AND THE LOST KINGDOM),'2023-12-20'20/12/2023,USA,WARNER BROS ITALIA S.P.A.,382479.45,47821,883548.65,114657,2023-12-24 11:32:03.116266
4,SANTOCIELO,'2023-12-14'14/12/2023,ITA,MEDUSA FILM S.P.A.,242817.81,33776,2050770.12,296560,2023-12-24 11:32:03.116266
5,FERRARI,'2023-12-07'07/12/2023,USA,01 DISTRIBUTION,183852.49,24215,1577908.82,212771,2023-12-24 11:32:03.116266
6,C'E' ANCORA DOMANI,'2023-10-26'26/10/2023,ITA,VISION DISTRIBUTION,102244.68,13911,31267061.70,4611878,2023-12-24 11:32:03.116266
7,ONE LIFE,'2023-12-21'21/12/2023,USA,EAGLE PICTURES S.P.A.,73555.46,10381,124303.28,18197,2023-12-24 11:32:03.117268
8,FOGLIE AL VENTO (FALLEN LEAVES),'2023-12-21'21/12/2023,FIN,LUCKY RED DISTRIB.,59838.55,8866,123226.92,18478,2023-12-24 11:32:03.117268
9,ADAGIO,'2023-12-14'14/12/2023,ITA,VISION DISTRIBUTION,52999.41,7156,608125.11,87476,2023-12-24 11:32:03.117268
10,REINASSANCE: A FILM BY BEYONCE','2023-12-21'21/12/2023,USA,NEXO DIGITAL S.P.A.,51263.30,2938,194779.30,11195,2023-12-24 11:32:03.117268
Pos.,Titolo,Prima Progr.,Nazione,Distribuzione,Incasso,Presenze,Incasso al 24/12/2023,Presenze al 24/12/2023,2023-12-25 09:22:22.436799
1,WONKA,'2023-12-14'14/12/2023,GBR,WARNER BROS ITALIA S.P.A.,271310.90,34791,5388211.43,722423,2023-12-25 09:22:22.437799
2,WISH,'2023-12-21'21/12/2023,USA,WALT DISNEY S.M.P. ITALIA,230982.15,31736,1039416.40,149394,2023-12-25 09:22:22.437799
3,AQUAMAN E IL REGNO PERDUTO (AQUAMAN AND THE LOST KINGDOM),'2023-12-20'20/12/2023,USA,WARNER BROS ITALIA S.P.A.,177971.77,22013,1063715.92,137013,2023-12-25 09:22:22.437799
4,SANTOCIELO,'2023-12-14'14/12/2023,ITA,MEDUSA FILM S.P.A.,109397.69,14845,2160928.01,311530,2023-12-25 09:22:22.437799
5,FERRARI,'2023-12-07'07/12/2023,USA,01 DISTRIBUTION,81825.41,10609,1660454.53,223496,2023-12-25 09:22:22.437799
6,C'E' ANCORA DOMANI,'2023-10-26'26/10/2023,ITA,VISION DISTRIBUTION,54447.27,7003,31321811.17,4618937,2023-12-25 09:22:22.437799
7,ONE LIFE,'2023-12-21'21/12/2023,USA,EAGLE PICTURES S.P.A.,45509.15,6303,170039.73,24540,2023-12-25 09:22:22.438801
8,PRENDI IL VOLO (MIGRATION),'2023-12-07'07/12/2023,USA,UNIVERSAL S.R.L.,34014.16,4772,2299889.53,334552,2023-12-25 09:22:22.438801
9,FOGLIE AL VENTO (FALLEN LEAVES),'2023-12-21'21/12/2023,FIN,LUCKY RED DISTRIB.,30276.62,4451,154624.54,23105,2023-12-25 09:22:22.438801
10,ADAGIO,'2023-12-14'14/12/2023,ITA,VISION DISTRIBUTION,19380.19,2557,627785.60,90081,2023-12-25 09:22:22.438801
Pos.,Titolo,Prima Progr.,Nazione,Distribuzione,Incasso,Presenze,Incasso al 25/12/2023,Presenze al 25/12/2023,2023-12-26 13:43:00.786091
1,WONKA,'2023-12-14'14/12/2023,GBR,WARNER BROS ITALIA S.P.A.,608740.88,75490,5997544.31,798004,2023-12-26 13:43:00.790091
2,SANTOCIELO,'2023-12-14'14/12/2023,ITA,MEDUSA FILM S.P.A.,505820.33,67593,2667848.64,379298,2023-12-26 13:43:00.790091
3,AQUAMAN E IL REGNO PERDUTO (AQUAMAN AND THE LOST KINGDOM),'2023-12-20'20/12/2023,USA,WARNER BROS ITALIA S.P.A.,408256.50,48816,1472048.42,185840,2023-12-26 13:43:00.791092
4,WISH,'2023-12-21'21/12/2023,USA,WALT DISNEY S.M.P. ITALIA,373457.45,49445,1413242.35,198902,2023-12-26 13:43:00.791092
5,FERRARI,'2023-12-07'07/12/2023,USA,01 DISTRIBUTION,230741.41,29086,1891591.34,252642,2023-12-26 13:43:00.791092
6,C'E' ANCORA DOMANI,'2023-10-26'26/10/2023,ITA,VISION DISTRIBUTION,159177.55,20151,31481357.92,4639139,2023-12-26 13:43:00.791092
7,ONE LIFE,'2023-12-21'21/12/2023,USA,EAGLE PICTURES S.P.A.,97334.18,12760,267412.91,37308,2023-12-26 13:43:00.791092
8,ADAGIO,'2023-12-14'14/12/2023,ITA,VISION DISTRIBUTION,81913.00,10511,709698.60,100592,2023-12-26 13:43:00.791092
9,FOGLIE AL VENTO (FALLEN LEAVES),'2023-12-21'21/12/2023,FIN,LUCKY RED DISTRIB.,53409.04,7600,208033.58,30705,2023-12-26 13:43:00.791092
10,UN COLPO DI FORTUNA (COUP DE CHANCE),'2023-12-06'06/12/2023,GBR,LUCKY RED DISTRIB.,50333.14,6539,1845926.75,269740,2023-12-26 13:43:00.792091
Pos.,Titolo,Prima Progr.,Nazione,Distribuzione,Incasso,Presenze,Incasso al 26/12/2023,Presenze al 26/12/2023,2023-12-27 11:50:00.082214
1,WONKA,'2023-12-14'14/12/2023,GBR,WARNER BROS ITALIA S.P.A.,1282077.14,162934,7283139.95,961387,2023-12-27 11:50:00.083216
2,WISH,'2023-12-21'21/12/2023,USA,WALT DISNEY S.M.P. ITALIA,1068840.45,145043,2485408.30,344490,2023-12-27 11:50:00.083216
3,SANTOCIELO,'2023-12-14'14/12/2023,ITA,MEDUSA FILM S.P.A.,865902.76,118778,3540665.90,499167,2023-12-27 11:50:00.083216
4,AQUAMAN E IL REGNO PERDUTO (AQUAMAN AND THE LOST KINGDOM),'2023-12-20'20/12/2023,USA,WARNER BROS ITALIA S.P.A.,710760.95,87015,2183853.37,272964,2023-12-27 11:50:00.083216
5,FERRARI,'2023-12-07'07/12/2023,USA,01 DISTRIBUTION,398130.15,51453,2290707.99,304221,2023-12-27 11:50:00.083216
6,C'E' ANCORA DOMANI,'2023-10-26'26/10/2023,ITA,VISION DISTRIBUTION,351721.02,45992,31834338.44,4685345,2023-12-27 11:50:00.083216
7,ONE LIFE,'2023-12-21'21/12/2023,USA,EAGLE PICTURES S.P.A.,204756.00,27318,472543.91,64669,2023-12-27 11:50:00.083216
8,ADAGIO,'2023-12-14'14/12/2023,ITA,VISION DISTRIBUTION,133533.68,17386,843260.28,117982,2023-12-27 11:50:00.083216
9,FOGLIE AL VENTO (FALLEN LEAVES),'2023-12-21'21/12/2023,FIN,LUCKY RED DISTRIB.,124902.99,18104,337565.87,49528,2023-12-27 11:50:00.083216
10,PRENDI IL VOLO (MIGRATION),'2023-12-07'07/12/2023,USA,UNIVERSAL S.R.L.,124714.46,17027,2459541.36,356175,2023-12-27 11:50:00.083216
Pos.,Titolo,Prima Progr.,Nazione,Distribuzione,Incasso,Presenze,Incasso al 26/12/2023,Presenze al 26/12/2023,2023-12-27 11:50:27.772791
1,WONKA,'2023-12-14'14/12/2023,GBR,WARNER BROS ITALIA S.P.A.,1282077.14,162934,7283139.95,961387,2023-12-27 11:50:27.772791
2,WISH,'2023-12-21'21/12/2023,USA,WALT DISNEY S.M.P. ITALIA,1068840.45,145043,2485408.30,344490,2023-12-27 11:50:27.772791
3,SANTOCIELO,'2023-12-14'14/12/2023,ITA,MEDUSA FILM S.P.A.,865902.76,118778,3540665.90,499167,2023-12-27 11:50:27.772791
4,AQUAMAN E IL REGNO PERDUTO (AQUAMAN AND THE LOST KINGDOM),'2023-12-20'20/12/2023,USA,WARNER BROS ITALIA S.P.A.,710760.95,87015,2183853.37,272964,2023-12-27 11:50:27.772791
5,FERRARI,'2023-12-07'07/12/2023,USA,01 DISTRIBUTION,398130.15,51453,2290707.99,304221,2023-12-27 11:50:27.772791
6,C'E' ANCORA DOMANI,'2023-10-26'26/10/2023,ITA,VISION DISTRIBUTION,351721.02,45992,31834338.44,4685345,2023-12-27 11:50:27.772791
7,ONE LIFE,'2023-12-21'21/12/2023,USA,EAGLE PICTURES S.P.A.,204756.00,27318,472543.91,64669,2023-12-27 11:50:27.773792
8,ADAGIO,'2023-12-14'14/12/2023,ITA,VISION DISTRIBUTION,133533.68,17386,843260.28,117982,2023-12-27 11:50:27.773792
9,FOGLIE AL VENTO (FALLEN LEAVES),'2023-12-21'21/12/2023,FIN,LUCKY RED DISTRIB.,124902.99,18104,337565.87,49528,2023-12-27 11:50:27.773792
10,PRENDI IL VOLO (MIGRATION),'2023-12-07'07/12/2023,USA,UNIVERSAL S.R.L.,124714.46,17027,2459541.36,356175,2023-12-27 11:50:27.773792
Pos.,Titolo,Prima Progr.,Nazione,Distribuzione,Incasso,Presenze,Incasso al 26/12/2023,Presenze al 26/12/2023,2023-12-27 11:50:43.226905
1,WONKA,'2023-12-14'14/12/2023,GBR,WARNER BROS ITALIA S.P.A.,1282077.14,162934,7283139.95,961387,2023-12-27 11:50:43.226905
2,WISH,'2023-12-21'21/12/2023,USA,WALT DISNEY S.M.P. ITALIA,1068840.45,145043,2485408.30,344490,2023-12-27 11:50:43.226905
3,SANTOCIELO,'2023-12-14'14/12/2023,ITA,MEDUSA FILM S.P.A.,865902.76,118778,3540665.90,499167,2023-12-27 11:50:43.226905
4,AQUAMAN E IL REGNO PERDUTO (AQUAMAN AND THE LOST KINGDOM),'2023-12-20'20/12/2023,USA,WARNER BROS ITALIA S.P.A.,710760.95,87015,2183853.37,272964,2023-12-27 11:50:43.226905
5,FERRARI,'2023-12-07'07/12/2023,USA,01 DISTRIBUTION,398130.15,51453,2290707.99,304221,2023-12-27 11:50:43.226905
6,C'E' ANCORA DOMANI,'2023-10-26'26/10/2023,ITA,VISION DISTRIBUTION,351721.02,45992,31834338.44,4685345,2023-12-27 11:50:43.226905
7,ONE LIFE,'2023-12-21'21/12/2023,USA,EAGLE PICTURES S.P.A.,204756.00,27318,472543.91,64669,2023-12-27 11:50:43.227905
8,ADAGIO,'2023-12-14'14/12/2023,ITA,VISION DISTRIBUTION,133533.68,17386,843260.28,117982,2023-12-27 11:50:43.227905
9,FOGLIE AL VENTO (FALLEN LEAVES),'2023-12-21'21/12/2023,FIN,LUCKY RED DISTRIB.,124902.99,18104,337565.87,49528,2023-12-27 11:50:43.227905
10,PRENDI IL VOLO (MIGRATION),'2023-12-07'07/12/2023,USA,UNIVERSAL S.R.L.,124714.46,17027,2459541.36,356175,2023-12-27 11:50:43.227905
Pos.,Titolo,Prima Progr.,Nazione,Distribuzione,Incasso,Presenze,Incasso al 27/12/2023,Presenze al 27/12/2023,2023-12-28 12:18:24.772898
1,WONKA,'2023-12-14'14/12/2023,GBR,WARNER BROS ITALIA S.P.A.,661640.29,94145,7963299.08,1058041,2023-12-28 12:18:24.772898
2,WISH,'2023-12-21'21/12/2023,USA,WALT DISNEY S.M.P. ITALIA,615658.85,93191,3111506.05,439134,2023-12-28 12:18:24.772898
3,AQUAMAN E IL REGNO PERDUTO (AQUAMAN AND THE LOST KINGDOM),'2023-12-20'20/12/2023,USA,WARNER BROS ITALIA S.P.A.,342621.57,47803,2532852.44,321599,2023-12-28 12:18:24.772898
4,SANTOCIELO,'2023-12-14'14/12/2023,ITA,MEDUSA FILM S.P.A.,268726.99,40524,3821640.19,541409,2023-12-28 12:18:24.773897
5,C'E' ANCORA DOMANI,'2023-10-26'26/10/2023,ITA,VISION DISTRIBUTION,216455.06,32400,32053384.40,4718083,2023-12-28 12:18:24.773897
6,FERRARI,'2023-12-07'07/12/2023,USA,01 DISTRIBUTION,176503.96,25431,2469287.85,329938,2023-12-28 12:18:24.773897
7,ONE LIFE,'2023-12-21'21/12/2023,USA,EAGLE PICTURES S.P.A.,92000.04,14334,566931.55,79318,2023-12-28 12:18:24.773897
8,PRENDI IL VOLO (MIGRATION),'2023-12-07'07/12/2023,USA,UNIVERSAL S.R.L.,67250.01,10294,2528061.07,366634,2023-12-28 12:18:24.773897
9,FOGLIE AL VENTO (FALLEN LEAVES),'2023-12-21'21/12/2023,FIN,LUCKY RED DISTRIB.,61605.03,10124,410900.40,61408,2023-12-28 12:18:24.773897
10,ADAGIO,'2023-12-14'14/12/2023,ITA,VISION DISTRIBUTION,59623.22,9136,903568.80,127204,2023-12-28 12:18:24.773897
Pos.,Titolo,Prima Progr.,Nazione,Distribuzione,Incasso,Presenze,Incasso al 28/12/2023,Presenze al 28/12/2023,2023-12-29 10:36:26.623500
1,WONKA,'2023-12-14'14/12/2023,GBR,WARNER BROS ITALIA S.P.A.,531163.82,73076,8506665.40,1132957,2023-12-29 10:36:26.623500
2,WISH,'2023-12-21'21/12/2023,USA,WALT DISNEY S.M.P. ITALIA,525559.16,78615,3643734.21,518792,2023-12-29 10:36:26.623500
3,COME PUO' UNO SCOGLIO,'2023-12-28'28/12/2023,ITA,VISION DISTRIBUTION,358696.55,51097,368321.88,52633,2023-12-29 10:36:26.623500
4,AQUAMAN E IL REGNO PERDUTO (AQUAMAN AND THE LOST KINGDOM),'2023-12-20'20/12/2023,USA,WARNER BROS ITALIA S.P.A.,272264.57,36800,2807063.01,358681,2023-12-29 10:36:26.624502
5,C'E' ANCORA DOMANI,'2023-10-26'26/10/2023,ITA,VISION DISTRIBUTION,190708.94,26940,32249958.34,4745834,2023-12-29 10:36:26.624502
6,SANTOCIELO,'2023-12-14'14/12/2023,ITA,MEDUSA FILM S.P.A.,177607.08,25931,4016021.77,569801,2023-12-29 10:36:26.624502
7,FERRARI,'2023-12-07'07/12/2023,USA,01 DISTRIBUTION,120537.50,16612,2590922.35,346719,2023-12-29 10:36:26.624502
8,ONE LIFE,'2023-12-21'21/12/2023,USA,EAGLE PICTURES S.P.A.,86341.50,12961,654761.05,92488,2023-12-29 10:36:26.624502
9,FOGLIE AL VENTO (FALLEN LEAVES),'2023-12-21'21/12/2023,FIN,LUCKY RED DISTRIB.,50137.32,7785,463062.72,69504,2023-12-29 10:36:26.624502
10,PRENDI IL VOLO (MIGRATION),'2023-12-07'07/12/2023,USA,UNIVERSAL S.R.L.,47742.89,7096,2576613.96,373868,2023-12-29 10:36:26.624502
Pos.,Titolo,Prima Progr.,Nazione,Distribuzione,Incasso,Presenze,Incasso al 29/12/2023,Presenze al 29/12/2023,2023-12-30 13:05:11.752514
1,WISH,'2023-12-21'21/12/2023,USA,WALT DISNEY S.M.P. ITALIA,503633.00,74206,4149415.71,593338,2023-12-30 13:05:11.752514
2,WONKA,'2023-12-14'14/12/2023,GBR,WARNER BROS ITALIA S.P.A.,502471.83,68708,9009698.73,1201757,2023-12-30 13:05:11.752514
3,COME PUO' UNO SCOGLIO,'2023-12-28'28/12/2023,ITA,VISION DISTRIBUTION,316370.72,44550,685210.60,97259,2023-12-30 13:05:11.752514
4,AQUAMAN E IL REGNO PERDUTO (AQUAMAN AND THE LOST KINGDOM),'2023-12-20'20/12/2023,USA,WARNER BROS ITALIA S.P.A.,266563.11,35354,3074018.62,394104,2023-12-30 13:05:11.752514
5,C'E' ANCORA DOMANI,'2023-10-26'26/10/2023,ITA,VISION DISTRIBUTION,204404.54,28288,32455023.38,4774216,2023-12-30 13:05:11.753521
6,SANTOCIELO,'2023-12-14'14/12/2023,ITA,MEDUSA FILM S.P.A.,164841.20,23829,4181264.47,593697,2023-12-30 13:05:11.753521
7,FERRARI,'2023-12-07'07/12/2023,USA,01 DISTRIBUTION,122011.91,16517,2713367.76,363308,2023-12-30 13:05:11.753521
8,ONE LIFE,'2023-12-21'21/12/2023,USA,EAGLE PICTURES S.P.A.,87942.94,12916,743477.49,105525,2023-12-30 13:05:11.753521
9,FOGLIE AL VENTO (FALLEN LEAVES),'2023-12-21'21/12/2023,FIN,LUCKY RED DISTRIB.,54055.89,8275,517770.61,77899,2023-12-30 13:05:11.753521
10,PRENDI IL VOLO (MIGRATION),'2023-12-07'07/12/2023,USA,UNIVERSAL S.R.L.,44807.55,6682,2621421.51,380550,2023-12-30 13:05:11.753521
Pos.,Titolo,Prima Progr.,Nazione,Distribuzione,Incasso,Presenze,Incasso al 30/12/2023,Presenze al 30/12/2023,2023-12-31 11:18:54.499354
1,WISH,'2023-12-21'21/12/2023,USA,WALT DISNEY S.M.P. ITALIA,593265.67,83296,4747637.07,677299,2023-12-31 11:18:54.499354
2,WONKA,'2023-12-14'14/12/2023,GBR,WARNER BROS ITALIA S.P.A.,577409.64,75522,9591843.87,1277931,2023-12-31 11:18:54.499354
3,VACANZE DI NATALE DAY,'2023-12-30'30/12/2023,ITA,NEXO DIGITAL S.P.A.,482052.36,51018,482052.36,51018,2023-12-31 11:18:54.499354
4,COME PUO' UNO SCOGLIO,'2023-12-28'28/12/2023,ITA,VISION DISTRIBUTION,418154.52,56706,1104443.12,154112,2023-12-31 11:18:54.499354
5,AQUAMAN E IL REGNO PERDUTO (AQUAMAN AND THE LOST KINGDOM),'2023-12-20'20/12/2023,USA,WARNER BROS ITALIA S.P.A.,330664.50,41881,3406519.72,436219,2023-12-31 11:18:54.499354
6,C'E' ANCORA DOMANI,'2023-10-26'26/10/2023,ITA,VISION DISTRIBUTION,263736.60,34845,32719732.78,4809190,2023-12-31 11:18:54.499354
7,SANTOCIELO,'2023-12-14'14/12/2023,ITA,MEDUSA FILM S.P.A.,217541.06,30361,4401578.93,624457,2023-12-31 11:18:54.500356
8,FERRARI,'2023-12-07'07/12/2023,USA,01 DISTRIBUTION,138157.91,18156,2852362.06,381588,2023-12-31 11:18:54.500356
9,ONE LIFE,'2023-12-21'21/12/2023,USA,EAGLE PICTURES S.P.A.,135732.43,18890,880124.12,124557,2023-12-31 11:18:54.500356
10,FOGLIE AL VENTO (FALLEN LEAVES),'2023-12-21'21/12/2023,FIN,LUCKY RED DISTRIB.,80597.56,11625,598569.77,89556,2023-12-31 11:18:54.500356
Pos.,Titolo,Prima Progr.,Nazione,Distribuzione,Incasso,Presenze,Incasso al 31/12/2023,Presenze al 31/12/2023,2024-01-01 11:55:07.405676
1,WONKA,'2023-12-14'14/12/2023,GBR,WARNER BROS ITALIA S.P.A.,323004.58,40477,9919658.95,1319090,2024-01-01 11:55:07.411189
2,WISH,'2023-12-21'21/12/2023,USA,WALT DISNEY S.M.P. ITALIA,269484.42,36585,5020622.49,714366,2024-01-01 11:55:07.411189
3,C'E' ANCORA DOMANI,'2023-10-26'26/10/2023,ITA,VISION DISTRIBUTION,236867.02,30202,32959527.80,4839820,2024-01-01 11:55:07.411189
4,SANTOCIELO,'2023-12-14'14/12/2023,ITA,MEDUSA FILM S.P.A.,224434.97,29360,4627088.90,653964,2024-01-01 11:55:07.412194
5,AQUAMAN E IL REGNO PERDUTO (AQUAMAN AND THE LOST KINGDOM),'2023-12-20'20/12/2023,USA,WARNER BROS ITALIA S.P.A.,198014.97,24435,3606554.19,460937,2024-01-01 11:55:07.412194
6,ONE LIFE,'2023-12-21'21/12/2023,USA,EAGLE PICTURES S.P.A.,152934.42,20204,1034148.04,144911,2024-01-01 11:55:07.412700
7,FERRARI,'2023-12-07'07/12/2023,USA,01 DISTRIBUTION,131374.85,16878,2984743.41,398592,2024-01-01 11:55:07.412700
8,COME PUO' UNO SCOGLIO,'2023-12-28'28/12/2023,ITA,VISION DISTRIBUTION,128535.76,16803,1233987.88,171041,2024-01-01 11:55:07.413206
9,FOGLIE AL VENTO (FALLEN LEAVES),'2023-12-21'21/12/2023,FIN,LUCKY RED DISTRIB.,68367.80,9429,666937.57,98985,2024-01-01 11:55:07.413206
10,UN COLPO DI FORTUNA (COUP DE CHANCE),'2023-12-06'06/12/2023,GBR,LUCKY RED DISTRIB.,52035.42,6722,2149406.15,312100,2024-01-01 11:55:07.413206
Pos.,Titolo,Prima Progr.,Nazione,Distribuzione,Incasso,Presenze,Incasso al 01/01/2024,Presenze al 01/01/2024,2024-01-02 12:40:58.574253
1,SUCCEDE ANCHE NELLE MIGLIORI FAMIGLIE,'2023-12-31'31/12/2023,ITA,01 DISTRIBUTION,942401.03,126223,943793.53,126370,2024-01-02 12:40:58.576257
2,IL RAGAZZO E L'AIRONE (HOW DO YOU LIVE?),'2024-01-01'01/01/2024,JPN,LUCKY RED DISTRIB.,837278.06,107386,843324.56,107898,2024-01-02 12:40:58.576257
3,WISH,'2023-12-21'21/12/2023,USA,WALT DISNEY S.M.P. ITALIA,596320.78,80962,5619157.77,795622,2024-01-02 12:40:58.576257
4,WONKA,'2023-12-14'14/12/2023,GBR,WARNER BROS ITALIA S.P.A.,594762.40,75319,10519368.35,1395007,2024-01-02 12:40:58.576257
5,COME PUO' UNO SCOGLIO,'2023-12-28'28/12/2023,ITA,VISION DISTRIBUTION,548961.92,74068,1783915.80,245249,2024-01-02 12:40:58.576257
6,AQUAMAN E IL REGNO PERDUTO (AQUAMAN AND THE LOST KINGDOM),'2023-12-20'20/12/2023,USA,WARNER BROS ITALIA S.P.A.,349097.31,42675,3955943.50,503666,2024-01-02 12:40:58.576257
7,C'E' ANCORA DOMANI,'2023-10-26'26/10/2023,ITA,VISION DISTRIBUTION,324904.28,41669,33285214.08,4881574,2024-01-02 12:40:58.577258
8,SANTOCIELO,'2023-12-14'14/12/2023,ITA,MEDUSA FILM S.P.A.,247629.50,33405,4875660.40,687510,2024-01-02 12:40:58.577258
9,ONE LIFE,'2023-12-21'21/12/2023,USA,EAGLE PICTURES S.P.A.,155300.66,20941,1190127.70,165902,2024-01-02 12:40:58.577258
10,FERRARI,'2023-12-07'07/12/2023,USA,01 DISTRIBUTION,130277.81,16514,3117095.22,415327,2024-01-02 12:40:58.577258
Pos.,Titolo,Prima Progr.,Nazione,Distribuzione,Incasso,Presenze,Incasso al 02/01/2024,Presenze al 02/01/2024,2024-01-03 11:36:29.838507
1,IL RAGAZZO E L'AIRONE (HOW DO YOU LIVE?),'2024-01-01'01/01/2024,JPN,LUCKY RED DISTRIB.,582720.35,80029,1427100.71,188077,2024-01-03 11:36:29.844507
2,WISH,'2023-12-21'21/12/2023,USA,WALT DISNEY S.M.P. ITALIA,429697.64,63852,6056423.11,860659,2024-01-03 11:36:29.844507
3,SUCCEDE ANCHE NELLE MIGLIORI FAMIGLIE,'2023-12-31'31/12/2023,ITA,01 DISTRIBUTION,409822.13,58619,1361011.66,186091,2024-01-03 11:36:29.845509
4,WONKA,'2023-12-14'14/12/2023,GBR,WARNER BROS ITALIA S.P.A.,401313.27,55757,10925919.82,1451516,2024-01-03 11:36:29.845509
5,COME PUO' UNO SCOGLIO,'2023-12-28'28/12/2023,ITA,VISION DISTRIBUTION,272105.57,39327,2061751.77,285381,2024-01-03 11:36:29.845509
6,AQUAMAN E IL REGNO PERDUTO (AQUAMAN AND THE LOST KINGDOM),'2023-12-20'20/12/2023,USA,WARNER BROS ITALIA S.P.A.,220596.04,29835,4179153.74,533860,2024-01-03 11:36:29.845509
7,C'E' ANCORA DOMANI,'2023-10-26'26/10/2023,ITA,VISION DISTRIBUTION,215509.61,30307,33506429.09,4912692,2024-01-03 11:36:29.845509
8,SANTOCIELO,'2023-12-14'14/12/2023,ITA,MEDUSA FILM S.P.A.,104158.15,15282,4982769.75,703231,2024-01-03 11:36:29.845509
9,ONE LIFE,'2023-12-21'21/12/2023,USA,EAGLE PICTURES S.P.A.,83438.09,12312,1276205.39,178617,2024-01-03 11:36:29.845509
10,FERRARI,'2023-12-07'07/12/2023,USA,01 DISTRIBUTION,80181.12,10826,3199181.34,426427,2024-01-03 11:36:29.845509
Pos.,Titolo,Prima Progr.,Nazione,Distribuzione,Incasso,Presenze,Incasso al 03/01/2024,Presenze al 03/01/2024,2024-01-04 09:57:06.582453
1,IL RAGAZZO E L'AIRONE (HOW DO YOU LIVE?),'2024-01-01'01/01/2024,JPN,LUCKY RED DISTRIB.,527815.24,75359,1959700.35,264136,2024-01-04 09:57:06.586459
2,WISH,'2023-12-21'21/12/2023,USA,WALT DISNEY S.M.P. ITALIA,409117.95,62221,6469517.76,923460,2024-01-04 09:57:06.586459
3,WONKA,'2023-12-14'14/12/2023,GBR,WARNER BROS ITALIA S.P.A.,383349.14,54978,11312393.26,1506919,2024-01-04 09:57:06.586459
4,SUCCEDE ANCHE NELLE MIGLIORI FAMIGLIE,'2023-12-31'31/12/2023,ITA,01 DISTRIBUTION,376387.38,54716,1739042.04,241028,2024-01-04 09:57:06.586459
5,COME PUO' UNO SCOGLIO,'2023-12-28'28/12/2023,ITA,VISION DISTRIBUTION,241289.50,36957,2304498.21,322532,2024-01-04 09:57:06.586459
6,AQUAMAN E IL REGNO PERDUTO (AQUAMAN AND THE LOST KINGDOM),'2023-12-20'20/12/2023,USA,WARNER BROS ITALIA S.P.A.,211864.49,29920,4392996.03,564055,2024-01-04 09:57:06.586459
7,C'E' ANCORA DOMANI,'2023-10-26'26/10/2023,ITA,VISION DISTRIBUTION,211608.07,31196,33719762.86,4944123,2024-01-04 09:57:06.587465
8,SANTOCIELO,'2023-12-14'14/12/2023,ITA,MEDUSA FILM S.P.A.,91465.55,13762,5076161.20,717253,2024-01-04 09:57:06.587465
9,FERRARI,'2023-12-07'07/12/2023,USA,01 DISTRIBUTION,80614.76,11568,3280199.60,438053,2024-01-04 09:57:06.587465
10,ONE LIFE,'2023-12-21'21/12/2023,USA,EAGLE PICTURES S.P.A.,79676.15,12456,1356690.14,191189,2024-01-04 09:57:06.587465
Pos.,Titolo,Prima Progr.,Nazione,Distribuzione,Incasso,Presenze,Incasso al 04/01/2024,Presenze al 04/01/2024,2024-01-05 10:18:34.522933
1,IL RAGAZZO E L'AIRONE (HOW DO YOU LIVE?),'2024-01-01'01/01/2024,JPN,LUCKY RED DISTRIB.,365334.49,50062,2334830.54,315580,2024-01-05 10:18:34.527933
2,SUCCEDE ANCHE NELLE MIGLIORI FAMIGLIE,'2023-12-31'31/12/2023,ITA,01 DISTRIBUTION,302587.10,43696,2060907.14,287474,2024-01-05 10:18:34.527933
3,WISH,'2023-12-21'21/12/2023,USA,WALT DISNEY S.M.P. ITALIA,272235.89,40458,6751726.25,965483,2024-01-05 10:18:34.528933
4,WONKA,'2023-12-14'14/12/2023,GBR,WARNER BROS ITALIA S.P.A.,251187.80,34533,11570412.56,1542521,2024-01-05 10:18:34.528933
5,COME PUO' UNO SCOGLIO,'2023-12-28'28/12/2023,ITA,VISION DISTRIBUTION,147718.68,21077,2459623.39,344678,2024-01-05 10:18:34.528933
6,C'E' ANCORA DOMANI,'2023-10-26'26/10/2023,ITA,VISION DISTRIBUTION,133817.44,18570,33860533.80,4963664,2024-01-05 10:18:34.528933
7,AQUAMAN E IL REGNO PERDUTO (AQUAMAN AND THE LOST KINGDOM),'2023-12-20'20/12/2023,USA,WARNER BROS ITALIA S.P.A.,115539.78,15802,4511581.81,580332,2024-01-05 10:18:34.528933
8,50KM ALL'ORA,'2024-01-04'04/01/2024,ITA,EAGLE PICTURES S.P.A.,115261.88,16577,128838.94,18574,2024-01-05 10:18:34.528933
9,PERFECT DAYS,'2024-01-04'04/01/2024,JPN,LUCKY RED DISTRIB.,84226.53,12436,103429.64,14844,2024-01-05 10:18:34.528933
10,WONDER - WHITE BIRD,'2024-01-04'04/01/2024,USA,MEDUSA FILM S.P.A.,53646.33,7985,53646.33,7985,2024-01-05 10:18:34.528933
Pos.,Titolo,Prima Progr.,Nazione,Distribuzione,Incasso,Presenze,Incasso al 05/01/2024,Presenze al 05/01/2024,2024-01-06 10:18:43.967133
1,IL RAGAZZO E L'AIRONE (HOW DO YOU LIVE?),'2024-01-01'01/01/2024,JPN,LUCKY RED DISTRIB.,415931.12,55404,2752659.06,371242,2024-01-06 10:18:43.971315
2,SUCCEDE ANCHE NELLE MIGLIORI FAMIGLIE,'2023-12-31'31/12/2023,ITA,01 DISTRIBUTION,344669.99,48283,2409938.13,336331,2024-01-06 10:18:43.971315
3,WONKA,'2023-12-14'14/12/2023,GBR,WARNER BROS ITALIA S.P.A.,320377.55,42453,11894580.11,1585450,2024-01-06 10:18:43.971315
4,WISH,'2023-12-21'21/12/2023,USA,WALT DISNEY S.M.P. ITALIA,316453.93,45435,7070772.78,1011295,2024-01-06 10:18:43.971315
5,COME PUO' UNO SCOGLIO,'2023-12-28'28/12/2023,ITA,VISION DISTRIBUTION,186257.74,25284,2647851.13,370207,2024-01-06 10:18:43.972323
6,50KM ALL'ORA,'2024-01-04'04/01/2024,ITA,EAGLE PICTURES S.P.A.,177524.79,24295,316428.14,44199,2024-01-06 10:18:43.972323
7,AQUAMAN E IL REGNO PERDUTO (AQUAMAN AND THE LOST KINGDOM),'2023-12-20'20/12/2023,USA,WARNER BROS ITALIA S.P.A.,155269.69,20335,4669005.40,600960,2024-01-06 10:18:43.972323
8,C'E' ANCORA DOMANI,'2023-10-26'26/10/2023,ITA,VISION DISTRIBUTION,148300.09,19683,34009795.79,4983459,2024-01-06 10:18:43.972323
9,PERFECT DAYS,'2024-01-04'04/01/2024,JPN,LUCKY RED DISTRIB.,107158.47,15714,211222.11,30647,2024-01-06 10:18:43.972323
10,WONDER - WHITE BIRD,'2024-01-04'04/01/2024,USA,MEDUSA FILM S.P.A.,71947.68,10244,126700.91,18393,2024-01-06 10:18:43.972323
Pos.,Titolo,Prima Progr.,Nazione,Distribuzione,Incasso,Presenze,Incasso al 06/01/2024,Presenze al 06/01/2024,2024-01-07 10:08:37.487904
1,SUCCEDE ANCHE NELLE MIGLIORI FAMIGLIE,'2023-12-31'31/12/2023,ITA,01 DISTRIBUTION,805462.58,108995,3216190.21,445460,2024-01-07 10:08:37.491903
2,IL RAGAZZO E L'AIRONE (HOW DO YOU LIVE?),'2024-01-01'01/01/2024,JPN,LUCKY RED DISTRIB.,649617.55,83504,3402421.61,454769,2024-01-07 10:08:37.491903
3,WONKA,'2023-12-14'14/12/2023,GBR,WARNER BROS ITALIA S.P.A.,539164.32,68694,12434573.93,1654279,2024-01-07 10:08:37.491903
4,WISH,'2023-12-21'21/12/2023,USA,WALT DISNEY S.M.P. ITALIA,525420.64,71925,7596480.92,1083266,2024-01-07 10:08:37.491903
5,50KM ALL'ORA,'2024-01-04'04/01/2024,ITA,EAGLE PICTURES S.P.A.,469522.73,62680,792469.14,107706,2024-01-07 10:08:37.491903
6,COME PUO' UNO SCOGLIO,'2023-12-28'28/12/2023,ITA,VISION DISTRIBUTION,399947.23,52876,3048022.86,423118,2024-01-07 10:08:37.491903
7,AQUAMAN E IL REGNO PERDUTO (AQUAMAN AND THE LOST KINGDOM),'2023-12-20'20/12/2023,USA,WARNER BROS ITALIA S.P.A.,283336.02,34768,4952539.42,635755,2024-01-07 10:08:37.492905
8,C'E' ANCORA DOMANI,'2023-10-26'26/10/2023,ITA,VISION DISTRIBUTION,280065.52,35987,34290499.81,5019551,2024-01-07 10:08:37.492905
9,PERFECT DAYS,'2024-01-04'04/01/2024,JPN,LUCKY RED DISTRIB.,225981.88,31556,437466.49,62245,2024-01-07 10:08:37.492905
10,WONDER - WHITE BIRD,'2024-01-04'04/01/2024,USA,MEDUSA FILM S.P.A.,174094.97,23701,300979.38,42119,2024-01-07 10:08:37.492905
Pos.,Titolo,Prima Progr.,Nazione,Distribuzione,Incasso,Presenze,Incasso al 07/01/2024,Presenze al 07/01/2024,2024-01-08 10:27:14.691568
1,SUCCEDE ANCHE NELLE MIGLIORI FAMIGLIE,'2023-12-31'31/12/2023,ITA,01 DISTRIBUTION,647511.50,88199,3864378.71,533764,2024-01-08 10:27:14.696568
2,IL RAGAZZO E L'AIRONE (HOW DO YOU LIVE?),'2024-01-01'01/01/2024,JPN,LUCKY RED DISTRIB.,535880.41,70477,3940950.22,525659,2024-01-08 10:27:14.696568
3,WISH,'2023-12-21'21/12/2023,USA,WALT DISNEY S.M.P. ITALIA,474095.60,66730,8072984.52,1150419,2024-01-08 10:27:14.696568
4,WONKA,'2023-12-14'14/12/2023,GBR,WARNER BROS ITALIA S.P.A.,421037.70,55681,12855776.13,1709988,2024-01-08 10:27:14.696568
5,50KM ALL'ORA,'2024-01-04'04/01/2024,ITA,EAGLE PICTURES S.P.A.,368128.60,50310,1162135.74,158239,2024-01-08 10:27:14.696568
6,COME PUO' UNO SCOGLIO,'2023-12-28'28/12/2023,ITA,VISION DISTRIBUTION,345493.09,46335,3394172.95,469548,2024-01-08 10:27:14.696568
7,C'E' ANCORA DOMANI,'2023-10-26'26/10/2023,ITA,VISION DISTRIBUTION,247102.80,32788,34538203.11,5052428,2024-01-08 10:27:14.697568
8,PERFECT DAYS,'2024-01-04'04/01/2024,JPN,LUCKY RED DISTRIB.,227669.99,32421,670727.98,95450,2024-01-08 10:27:14.697568
9,AQUAMAN E IL REGNO PERDUTO (AQUAMAN AND THE LOST KINGDOM),'2023-12-20'20/12/2023,USA,WARNER BROS ITALIA S.P.A.,192959.17,24789,5145783.59,660596,2024-01-08 10:27:14.697568
10,WONDER - WHITE BIRD,'2024-01-04'04/01/2024,USA,MEDUSA FILM S.P.A.,134352.21,19089,435659.59,61256,2024-01-08 10:27:14.697568
Pos.,Titolo,Prima Progr.,Nazione,Distribuzione,Incasso,Presenze,Incasso al 08/01/2024,Presenze al 08/01/2024,2024-01-09 10:05:54.449701
1,IL RAGAZZO E L'AIRONE (HOW DO YOU LIVE?),'2024-01-01'01/01/2024,JPN,LUCKY RED DISTRIB.,136720.87,19526,4087919.49,546386,2024-01-09 10:05:54.454206
2,SUCCEDE ANCHE NELLE MIGLIORI FAMIGLIE,'2023-12-31'31/12/2023,ITA,01 DISTRIBUTION,98427.15,14775,3966151.86,548918,2024-01-09 10:05:54.454206
3,COME PUO' UNO SCOGLIO,'2023-12-28'28/12/2023,ITA,VISION DISTRIBUTION,66361.88,9952,3464471.93,479986,2024-01-09 10:05:54.454206
4,C'E' ANCORA DOMANI,'2023-10-26'26/10/2023,ITA,VISION DISTRIBUTION,52181.58,8298,34593001.59,5061035,2024-01-09 10:05:54.454206
5,PERFECT DAYS,'2024-01-04'04/01/2024,JPN,LUCKY RED DISTRIB.,51155.72,7996,723059.70,103614,2024-01-09 10:05:54.454206
6,WONKA,'2023-12-14'14/12/2023,GBR,WARNER BROS ITALIA S.P.A.,48594.61,6958,12911264.34,1717711,2024-01-09 10:05:54.454206
7,50KM ALL'ORA,'2024-01-04'04/01/2024,ITA,EAGLE PICTURES S.P.A.,36442.46,5732,1204522.80,164649,2024-01-09 10:05:54.455212
8,AQUAMAN E IL REGNO PERDUTO (AQUAMAN AND THE LOST KINGDOM),'2023-12-20'20/12/2023,USA,WARNER BROS ITALIA S.P.A.,31664.49,4350,5181298.88,665366,2024-01-09 10:05:54.455212
9,WISH,'2023-12-21'21/12/2023,USA,WALT DISNEY S.M.P. ITALIA,29413.53,4668,8111844.95,1156320,2024-01-09 10:05:54.455212
10,WONDER - WHITE BIRD,'2024-01-04'04/01/2024,USA,MEDUSA FILM S.P.A.,16167.41,2575,455488.80,64249,2024-01-09 10:05:54.455212
Pos.,Titolo,Prima Progr.,Nazione,Distribuzione,Incasso,Presenze,Incasso al 09/01/2024,Presenze al 09/01/2024,2024-01-10 09:49:19.631970
1,IL RAGAZZO E L'AIRONE (HOW DO YOU LIVE?),'2024-01-01'01/01/2024,JPN,LUCKY RED DISTRIB.,173042.40,25143,4260961.89,571529,2024-01-10 09:49:19.640969
2,SUCCEDE ANCHE NELLE MIGLIORI FAMIGLIE,'2023-12-31'31/12/2023,ITA,01 DISTRIBUTION,105084.65,16013,4071334.01,564944,2024-01-10 09:49:19.640969
3,C'E' ANCORA DOMANI,'2023-10-26'26/10/2023,ITA,VISION DISTRIBUTION,70335.91,12480,34663947.50,5073637,2024-01-10 09:49:19.640969
4,PERFECT DAYS,'2024-01-04'04/01/2024,JPN,LUCKY RED DISTRIB.,65842.05,10448,788901.75,114062,2024-01-10 09:49:19.641972
5,COME PUO' UNO SCOGLIO,'2023-12-28'28/12/2023,ITA,VISION DISTRIBUTION,65732.30,10353,3530316.73,490354,2024-01-10 09:49:19.641972
6,WONKA,'2023-12-14'14/12/2023,GBR,WARNER BROS ITALIA S.P.A.,56052.72,8081,12967510.56,1725817,2024-01-10 09:49:19.641972
7,50KM ALL'ORA,'2024-01-04'04/01/2024,ITA,EAGLE PICTURES S.P.A.,41875.96,6433,1246398.76,171082,2024-01-10 09:49:19.641972
8,AQUAMAN E IL REGNO PERDUTO (AQUAMAN AND THE LOST KINGDOM),'2023-12-20'20/12/2023,USA,WARNER BROS ITALIA S.P.A.,37601.05,5350,5219284.43,670769,2024-01-10 09:49:19.641972
9,WISH,'2023-12-21'21/12/2023,USA,WALT DISNEY S.M.P. ITALIA,35739.73,5827,8147805.18,1162177,2024-01-10 09:49:19.642970
10,WONDER - WHITE BIRD,'2024-01-04'04/01/2024,USA,MEDUSA FILM S.P.A.,20202.49,3280,475691.29,67529,2024-01-10 09:49:19.642970
Pos.,Titolo,Prima Progr.,Nazione,Distribuzione,Incasso,Presenze,Incasso al 10/01/2024,Presenze al 10/01/2024,2024-01-11 08:15:56.082118
1,IL RAGAZZO E L'AIRONE (HOW DO YOU LIVE?),'2024-01-01'01/01/2024,JPN,LUCKY RED DISTRIB.,189729.40,29885,4451006.79,601469,2024-01-11 08:15:56.086118
2,SUCCEDE ANCHE NELLE MIGLIORI FAMIGLIE,'2023-12-31'31/12/2023,ITA,01 DISTRIBUTION,111172.04,18423,4182646.05,583392,2024-01-11 08:15:56.087121
3,PERFECT DAYS,'2024-01-04'04/01/2024,JPN,LUCKY RED DISTRIB.,82974.54,14185,872284.29,128341,2024-01-11 08:15:56.087121
4,C'E' ANCORA DOMANI,'2023-10-26'26/10/2023,ITA,VISION DISTRIBUTION,78485.90,13177,34744506.40,5087166,2024-01-11 08:15:56.087121
5,COME PUO' UNO SCOGLIO,'2023-12-28'28/12/2023,ITA,VISION DISTRIBUTION,64392.23,10853,3594725.96,501209,2024-01-11 08:15:56.087121
6,WONKA,'2023-12-14'14/12/2023,GBR,WARNER BROS ITALIA S.P.A.,60229.26,9348,13028434.32,1735282,2024-01-11 08:15:56.087121
7,50KM ALL'ORA,'2024-01-04'04/01/2024,ITA,EAGLE PICTURES S.P.A.,53178.06,8809,1300255.32,179998,2024-01-11 08:15:56.087121
8,WISH,'2023-12-21'21/12/2023,USA,WALT DISNEY S.M.P. ITALIA,41396.34,6968,8190522.02,1169367,2024-01-11 08:15:56.087121
9,AQUAMAN E IL REGNO PERDUTO (AQUAMAN AND THE LOST KINGDOM),'2023-12-20'20/12/2023,USA,WARNER BROS ITALIA S.P.A.,35597.23,5403,5254932.66,676180,2024-01-11 08:15:56.087121
10,WONDER - WHITE BIRD,'2024-01-04'04/01/2024,USA,MEDUSA FILM S.P.A.,26584.76,4536,502359.05,72079,2024-01-11 08:15:56.088121
Pos.,Titolo,Prima Progr.,Nazione,Distribuzione,Incasso,Presenze,Incasso al 11/01/2024,Presenze al 11/01/2024,2024-01-12 10:06:19.766112
1,IL RAGAZZO E L'AIRONE (HOW DO YOU LIVE?),'2024-01-01'01/01/2024,JPN,LUCKY RED DISTRIB.,110526.11,15649,4559743.70,616860,2024-01-12 10:06:19.767240
2,PERFECT DAYS,'2024-01-04'04/01/2024,JPN,LUCKY RED DISTRIB.,93112.48,14102,962450.27,142007,2024-01-12 10:06:19.767240
3,THE BEEKEEPER,'2024-01-11'11/01/2024,GBR,01 DISTRIBUTION,77477.25,10487,77429.25,10480,2024-01-12 10:06:19.767240
4,SUCCEDE ANCHE NELLE MIGLIORI FAMIGLIE,'2023-12-31'31/12/2023,ITA,01 DISTRIBUTION,70409.34,10456,4251330.89,593525,2024-01-12 10:06:19.767749
5,C'E' ANCORA DOMANI,'2023-10-26'26/10/2023,ITA,VISION DISTRIBUTION,44223.50,7317,34787887.40,5094309,2024-01-12 10:06:19.767749
6,ENEA,'2024-01-11'11/01/2024,ITA,VISION DISTRIBUTION,42566.37,6352,49483.87,7378,2024-01-12 10:06:19.767749
7,WONKA,'2023-12-14'14/12/2023,GBR,WARNER BROS ITALIA S.P.A.,34882.27,4865,13063311.59,1740146,2024-01-12 10:06:19.767749
8,COME PUO' UNO SCOGLIO,'2023-12-28'28/12/2023,ITA,VISION DISTRIBUTION,33505.48,4929,3627912.94,506083,2024-01-12 10:06:19.767749
9,50KM ALL'ORA,'2024-01-04'04/01/2024,ITA,EAGLE PICTURES S.P.A.,25757.58,3795,1326061.40,183803,2024-01-12 10:06:19.767749
10,CHI SEGNA VINCE (NEXT GOAL WINS),'2024-01-11'11/01/2024,USA,WALT DISNEY S.M.P. ITALIA,24326.60,3884,24319.60,3883,2024-01-12 10:06:19.767749
Pos.,Titolo,Prima Progr.,Nazione,Distribuzione,Incasso,Presenze,Incasso al 12/01/2024,Presenze al 12/01/2024,2024-01-13 09:43:42.987585
1,IL RAGAZZO E L'AIRONE (HOW DO YOU LIVE?),'2024-01-01'01/01/2024,JPN,LUCKY RED DISTRIB.,182284.61,24974,4746701.91,642566,2024-01-13 09:43:42.987585
2,PERFECT DAYS,'2024-01-04'04/01/2024,JPN,LUCKY RED DISTRIB.,130120.20,19334,1099530.47,162488,2024-01-13 09:43:42.987585
3,THE BEEKEEPER,'2024-01-11'11/01/2024,GBR,01 DISTRIBUTION,128395.72,16816,206154.47,27340,2024-01-13 09:43:42.987585
4,SUCCEDE ANCHE NELLE MIGLIORI FAMIGLIE,'2023-12-31'31/12/2023,ITA,01 DISTRIBUTION,121185.31,17420,4374449.50,611314,2024-01-13 09:43:42.987585
5,WONKA,'2023-12-14'14/12/2023,GBR,WARNER BROS ITALIA S.P.A.,88275.05,11969,13151785.34,1752147,2024-01-13 09:43:42.987585
6,C'E' ANCORA DOMANI,'2023-10-26'26/10/2023,ITA,VISION DISTRIBUTION,85373.63,13641,34876023.33,5108455,2024-01-13 09:43:42.987585
7,ENEA,'2024-01-11'11/01/2024,ITA,VISION DISTRIBUTION,68114.43,9945,118337.30,17408,2024-01-13 09:43:42.987585
8,50KM ALL'ORA,'2024-01-04'04/01/2024,ITA,EAGLE PICTURES S.P.A.,62257.31,8758,1388432.25,192577,2024-01-13 09:43:42.987585
9,COME PUO' UNO SCOGLIO,'2023-12-28'28/12/2023,ITA,VISION DISTRIBUTION,57825.44,8085,3686231.38,514249,2024-01-13 09:43:42.987585
10,CHI SEGNA VINCE (NEXT GOAL WINS),'2024-01-11'11/01/2024,USA,WALT DISNEY S.M.P. ITALIA,57466.47,8410,81812.87,12298,2024-01-13 09:43:42.987585
Pos.,Titolo,Prima Progr.,Nazione,Distribuzione,Incasso,Presenze,Incasso al 13/01/2024,Presenze al 13/01/2024,2024-01-14 10:09:08.660733
1,IL RAGAZZO E L'AIRONE (HOW DO YOU LIVE?),'2024-01-01'01/01/2024,JPN,LUCKY RED DISTRIB.,382045.48,50332,5129076.39,692959,2024-01-14 10:09:08.664732
2,THE BEEKEEPER,'2024-01-11'11/01/2024,GBR,01 DISTRIBUTION,295127.02,36591,501281.49,63931,2024-01-14 10:09:08.665733
3,PERFECT DAYS,'2024-01-04'04/01/2024,JPN,LUCKY RED DISTRIB.,291873.69,41035,1391756.16,203584,2024-01-14 10:09:08.665733
4,SUCCEDE ANCHE NELLE MIGLIORI FAMIGLIE,'2023-12-31'31/12/2023,ITA,01 DISTRIBUTION,279049.70,38413,4654031.20,649807,2024-01-14 10:09:08.665733
5,WONKA,'2023-12-14'14/12/2023,GBR,WARNER BROS ITALIA S.P.A.,275094.54,36047,13426565.38,1788147,2024-01-14 10:09:08.665733
6,50KM ALL'ORA,'2024-01-04'04/01/2024,ITA,EAGLE PICTURES S.P.A.,202877.58,27090,1591395.33,219685,2024-01-14 10:09:08.665733
7,WISH,'2023-12-21'21/12/2023,USA,WALT DISNEY S.M.P. ITALIA,190786.35,27375,8449037.17,1207347,2024-01-14 10:09:08.665733
8,ENEA,'2024-01-11'11/01/2024,ITA,VISION DISTRIBUTION,174459.15,24171,292982.95,41610,2024-01-14 10:09:08.665733
9,CHI SEGNA VINCE (NEXT GOAL WINS),'2024-01-11'11/01/2024,USA,WALT DISNEY S.M.P. ITALIA,155103.46,21450,236994.83,33760,2024-01-14 10:09:08.665733
10,C'E' ANCORA DOMANI,'2023-10-26'26/10/2023,ITA,VISION DISTRIBUTION,137819.64,17896,35013960.47,5126379,2024-01-14 10:09:08.666733
Pos.,Titolo,Prima Progr.,Nazione,Distribuzione,Incasso,Presenze,Incasso al 14/01/2024,Presenze al 14/01/2024,2024-01-15 13:57:53.790463
1,IL RAGAZZO E L'AIRONE (HOW DO YOU LIVE?),'2024-01-01'01/01/2024,JPN,LUCKY RED DISTRIB.,361325.23,49405,5492021.62,742610,2024-01-15 13:57:53.793622
2,SUCCEDE ANCHE NELLE MIGLIORI FAMIGLIE,'2023-12-31'31/12/2023,ITA,01 DISTRIBUTION,358338.29,49601,5014446.49,699757,2024-01-15 13:57:53.794635
3,PERFECT DAYS,'2024-01-04'04/01/2024,JPN,LUCKY RED DISTRIB.,353212.97,49935,1744969.13,253519,2024-01-15 13:57:53.794635
4,WONKA,'2023-12-14'14/12/2023,GBR,WARNER BROS ITALIA S.P.A.,300487.63,39918,13727153.01,1828081,2024-01-15 13:57:53.794635
5,WISH,'2023-12-21'21/12/2023,USA,WALT DISNEY S.M.P. ITALIA,285532.79,40796,8735840.46,1248346,2024-01-15 13:57:53.794635
6,THE BEEKEEPER,'2024-01-11'11/01/2024,GBR,01 DISTRIBUTION,265292.05,33316,766692.54,97264,2024-01-15 13:57:53.794635
7,ENEA,'2024-01-11'11/01/2024,ITA,VISION DISTRIBUTION,219925.38,30464,513749.33,72205,2024-01-15 13:57:53.794635
8,50KM ALL'ORA,'2024-01-04'04/01/2024,ITA,EAGLE PICTURES S.P.A.,196234.47,26874,1788309.80,246670,2024-01-15 13:57:53.794635
9,C'E' ANCORA DOMANI,'2023-10-26'26/10/2023,ITA,VISION DISTRIBUTION,155962.83,20765,35170091.80,5147170,2024-01-15 13:57:53.795634
10,CHI SEGNA VINCE (NEXT GOAL WINS),'2024-01-11'11/01/2024,USA,WALT DISNEY S.M.P. ITALIA,153486.19,21705,390516.02,55470,2024-01-15 13:57:53.795634
Pos.,Titolo,Prima Progr.,Nazione,Distribuzione,Incasso,Presenze,Incasso al 15/01/2024,Presenze al 15/01/2024,2024-01-16 18:48:13.885522
1,IL RAGAZZO E L'AIRONE (HOW DO YOU LIVE?),'2024-01-01'01/01/2024,JPN,LUCKY RED DISTRIB.,73876.51,10799,5569891.73,752562,2024-01-16 18:48:13.890521
2,PERFECT DAYS,'2024-01-04'04/01/2024,JPN,LUCKY RED DISTRIB.,70926.25,11313,1819204.18,265318,2024-01-16 18:48:13.890521
3,THE BEEKEEPER,'2024-01-11'11/01/2024,GBR,01 DISTRIBUTION,61223.64,8568,828769.18,105958,2024-01-16 18:48:13.890521
4,SUCCEDE ANCHE NELLE MIGLIORI FAMIGLIE,'2023-12-31'31/12/2023,ITA,01 DISTRIBUTION,41883.55,6405,5059967.54,706751,2024-01-16 18:48:13.890521
5,ENEA,'2024-01-11'11/01/2024,ITA,VISION DISTRIBUTION,36924.07,5750,551773.30,78130,2024-01-16 18:48:13.890521
6,C'E' ANCORA DOMANI,'2023-10-26'26/10/2023,ITA,VISION DISTRIBUTION,35005.86,5722,35205501.76,5152947,2024-01-16 18:48:13.890521
7,WONKA,'2023-12-14'14/12/2023,GBR,WARNER BROS ITALIA S.P.A.,29095.73,4279,13756652.24,1832420,2024-01-16 18:48:13.890521
8,CHI SEGNA VINCE (NEXT GOAL WINS),'2024-01-11'11/01/2024,USA,WALT DISNEY S.M.P. ITALIA,26263.85,4177,417294.17,59722,2024-01-16 18:48:13.891522
9,COME PUO' UNO SCOGLIO,'2023-12-28'28/12/2023,ITA,VISION DISTRIBUTION,21956.97,3268,3982107.69,554254,2024-01-16 18:48:13.891522
10,50KM ALL'ORA,'2024-01-04'04/01/2024,ITA,EAGLE PICTURES S.P.A.,19449.97,3106,1808678.27,249905,2024-01-16 18:48:13.891522
Pos.,Titolo,Prima Progr.,Nazione,Distribuzione,Incasso,Presenze,Incasso al 16/01/2024,Presenze al 16/01/2024,2024-01-17 13:40:33.028020
1,PERFECT DAYS,'2024-01-04'04/01/2024,JPN,LUCKY RED DISTRIB.,89827.19,14036,1909650.87,279475,2024-01-17 13:40:33.032531
2,IL RAGAZZO E L'AIRONE (HOW DO YOU LIVE?),'2024-01-01'01/01/2024,JPN,LUCKY RED DISTRIB.,89617.73,13111,5660089.96,765775,2024-01-17 13:40:33.032531
3,THE BEEKEEPER,'2024-01-11'11/01/2024,GBR,01 DISTRIBUTION,57627.73,8124,886396.91,114082,2024-01-17 13:40:33.033538
4,C'E' ANCORA DOMANI,'2023-10-26'26/10/2023,ITA,VISION DISTRIBUTION,53778.12,9246,35260239.38,5162321,2024-01-17 13:40:33.033538
5,ENEA,'2024-01-11'11/01/2024,ITA,VISION DISTRIBUTION,48603.01,7658,600744.31,85856,2024-01-17 13:40:33.033538
6,SUCCEDE ANCHE NELLE MIGLIORI FAMIGLIE,'2023-12-31'31/12/2023,ITA,01 DISTRIBUTION,46262.06,7189,5106283.60,713946,2024-01-17 13:40:33.033538
7,WONKA,'2023-12-14'14/12/2023,GBR,WARNER BROS ITALIA S.P.A.,31606.92,4620,13791366.16,1837458,2024-01-17 13:40:33.033538
8,50KM ALL'ORA,'2024-01-04'04/01/2024,ITA,EAGLE PICTURES S.P.A.,25792.84,4009,1835247.11,254006,2024-01-17 13:40:33.033538
9,CHI SEGNA VINCE (NEXT GOAL WINS),'2024-01-11'11/01/2024,USA,WALT DISNEY S.M.P. ITALIA,24056.51,3896,441350.68,63618,2024-01-17 13:40:33.033538
10,COME PUO' UNO SCOGLIO,'2023-12-28'28/12/2023,ITA,VISION DISTRIBUTION,23405.91,3722,4006121.10,558049,2024-01-17 13:40:33.034537
Pos.,Titolo,Prima Progr.,Nazione,Distribuzione,Incasso,Presenze,Incasso al 17/01/2024,Presenze al 17/01/2024,2024-01-18 08:29:51.315973
1,PERFECT DAYS,'2024-01-04'04/01/2024,JPN,LUCKY RED DISTRIB.,106549.98,17853,2016200.85,297328,2024-01-18 08:29:51.315973
2,IL RAGAZZO E L'AIRONE (HOW DO YOU LIVE?),'2024-01-01'01/01/2024,JPN,LUCKY RED DISTRIB.,102976.61,16204,5763332.57,782028,2024-01-18 08:29:51.315973
3,THE BEEKEEPER,'2024-01-11'11/01/2024,GBR,01 DISTRIBUTION,69183.55,10358,956024.46,124513,2024-01-18 08:29:51.316976
4,ENEA,'2024-01-11'11/01/2024,ITA,VISION DISTRIBUTION,64130.53,11109,665062.84,96994,2024-01-18 08:29:51.316976
5,C'E' ANCORA DOMANI,'2023-10-26'26/10/2023,ITA,VISION DISTRIBUTION,61250.18,10913,35323893.06,5173855,2024-01-18 08:29:51.316976
6,SUCCEDE ANCHE NELLE MIGLIORI FAMIGLIE,'2023-12-31'31/12/2023,ITA,01 DISTRIBUTION,56030.24,9301,5162794.84,723323,2024-01-18 08:29:51.316976
7,WONKA,'2023-12-14'14/12/2023,GBR,WARNER BROS ITALIA S.P.A.,39203.64,6017,13830696.30,1843495,2024-01-18 08:29:51.316976
8,CHI SEGNA VINCE (NEXT GOAL WINS),'2024-01-11'11/01/2024,USA,WALT DISNEY S.M.P. ITALIA,31556.76,5287,473046.44,68928,2024-01-18 08:29:51.316976
9,50KM ALL'ORA,'2024-01-04'04/01/2024,ITA,EAGLE PICTURES S.P.A.,30756.01,5146,1866822.62,259277,2024-01-18 08:29:51.316976
10,COME PUO' UNO SCOGLIO,'2023-12-28'28/12/2023,ITA,VISION DISTRIBUTION,27569.21,4636,4034313.31,562779,2024-01-18 08:29:51.317974
Pos.,Titolo,Prima Progr.,Nazione,Distribuzione,Incasso,Presenze,Incasso al 18/01/2024,Presenze al 18/01/2024,2024-01-19 09:10:03.637200
1,PARE PARECCHIO PARIGI,'2024-01-18'18/01/2024,ITA,01 DISTRIBUTION,83374.38,11862,83374.38,11862,2024-01-19 09:10:03.638199
2,PERFECT DAYS,'2024-01-04'04/01/2024,JPN,LUCKY RED DISTRIB.,82299.93,12661,2099982.28,310254,2024-01-19 09:10:03.638199
3,IL RAGAZZO E L'AIRONE (HOW DO YOU LIVE?),'2024-01-01'01/01/2024,JPN,LUCKY RED DISTRIB.,48694.31,7027,5813082.38,789258,2024-01-19 09:10:03.638199
4,THE BEEKEEPER,'2024-01-11'11/01/2024,GBR,01 DISTRIBUTION,46380.70,6154,1002694.66,130728,2024-01-19 09:10:03.638199
5,THE HOLDOVERS - LEZIONI DI VITA (THE HOLDOVERS),'2024-01-18'18/01/2024,USA,UNIVERSAL S.R.L.,36707.62,5848,39300.88,6352,2024-01-19 09:10:03.638199
6,ENEA,'2024-01-11'11/01/2024,ITA,VISION DISTRIBUTION,35741.75,5263,701221.09,102345,2024-01-19 09:10:03.638199
7,C'E' ANCORA DOMANI,'2023-10-26'26/10/2023,ITA,VISION DISTRIBUTION,33001.52,5592,35357365.08,5179551,2024-01-19 09:10:03.638199
8,SUCCEDE ANCHE NELLE MIGLIORI FAMIGLIE,'2023-12-31'31/12/2023,ITA,01 DISTRIBUTION,24764.38,3730,5187627.72,727063,2024-01-19 09:10:03.639199
9,WONKA,'2023-12-14'14/12/2023,GBR,WARNER BROS ITALIA S.P.A.,20860.26,3001,13851925.06,1846575,2024-01-19 09:10:03.639199
10,COME PUO' UNO SCOGLIO,'2023-12-28'28/12/2023,ITA,VISION DISTRIBUTION,13152.46,1920,4047495.77,564714,2024-01-19 09:10:03.639199
Pos.,Titolo,Prima Progr.,Nazione,Distribuzione,Incasso,Presenze,Incasso al 19/01/2024,Presenze al 19/01/2024,2024-01-20 09:37:41.024330
1,PARE PARECCHIO PARIGI,'2024-01-18'18/01/2024,ITA,01 DISTRIBUTION,159234.70,22219,243069.58,34155,2024-01-20 09:37:41.028746
2,PERFECT DAYS,'2024-01-04'04/01/2024,JPN,LUCKY RED DISTRIB.,146844.64,21598,2247127.72,331918,2024-01-20 09:37:41.028746
3,THE BEEKEEPER,'2024-01-11'11/01/2024,GBR,01 DISTRIBUTION,86814.18,11053,1089685.34,141811,2024-01-20 09:37:41.028746
4,IL RAGAZZO E L'AIRONE (HOW DO YOU LIVE?),'2024-01-01'01/01/2024,JPN,LUCKY RED DISTRIB.,85295.51,11655,5898526.79,800938,2024-01-20 09:37:41.028746
5,THE HOLDOVERS - LEZIONI DI VITA (THE HOLDOVERS),'2024-01-18'18/01/2024,USA,UNIVERSAL S.R.L.,72275.44,10834,111648.82,17199,2024-01-20 09:37:41.028746
6,WONKA,'2023-12-14'14/12/2023,GBR,WARNER BROS ITALIA S.P.A.,51497.22,7158,13904490.78,1853915,2024-01-20 09:37:41.028746
7,ENEA,'2024-01-11'11/01/2024,ITA,VISION DISTRIBUTION,49055.76,7002,750477.85,109379,2024-01-20 09:37:41.029759
8,C'E' ANCORA DOMANI,'2023-10-26'26/10/2023,ITA,VISION DISTRIBUTION,48074.38,7593,35405334.46,5187123,2024-01-20 09:37:41.029759
9,SUCCEDE ANCHE NELLE MIGLIORI FAMIGLIE,'2023-12-31'31/12/2023,ITA,01 DISTRIBUTION,44563.32,6311,5232242.54,733382,2024-01-20 09:37:41.029759
10,CHI SEGNA VINCE (NEXT GOAL WINS),'2024-01-11'11/01/2024,USA,WALT DISNEY S.M.P. ITALIA,29299.47,4065,514878.67,74919,2024-01-20 09:37:41.029759
Pos.,Titolo,Prima Progr.,Nazione,Distribuzione,Incasso,Presenze,Incasso al 20/01/2024,Presenze al 20/01/2024,2024-01-21 10:05:52.722229
1,PARE PARECCHIO PARIGI,'2024-01-18'18/01/2024,ITA,01 DISTRIBUTION,471026.74,62731,714706.82,96976,2024-01-21 10:05:52.724229
2,PERFECT DAYS,'2024-01-04'04/01/2024,JPN,LUCKY RED DISTRIB.,340473.86,47735,2589133.08,379894,2024-01-21 10:05:52.724229
3,THE HOLDOVERS - LEZIONI DI VITA (THE HOLDOVERS),'2024-01-18'18/01/2024,USA,UNIVERSAL S.R.L.,224777.50,31066,336991.82,48336,2024-01-21 10:05:52.724229
4,THE BEEKEEPER,'2024-01-11'11/01/2024,GBR,01 DISTRIBUTION,218048.62,26792,1307874.96,168624,2024-01-21 10:05:52.724229
5,IL RAGAZZO E L'AIRONE (HOW DO YOU LIVE?),'2024-01-01'01/01/2024,JPN,LUCKY RED DISTRIB.,191113.07,24740,6089853.36,825709,2024-01-21 10:05:52.725231
6,WONKA,'2023-12-14'14/12/2023,GBR,WARNER BROS ITALIA S.P.A.,180781.69,23679,14085469.97,1877624,2024-01-21 10:05:52.725231
7,SUCCEDE ANCHE NELLE MIGLIORI FAMIGLIE,'2023-12-31'31/12/2023,ITA,01 DISTRIBUTION,119961.24,16201,5352283.74,749598,2024-01-21 10:05:52.725231
8,WISH,'2023-12-21'21/12/2023,USA,WALT DISNEY S.M.P. ITALIA,112580.46,16206,8942747.11,1280086,2024-01-21 10:05:52.725231
9,ENEA,'2024-01-11'11/01/2024,ITA,VISION DISTRIBUTION,110472.00,14981,861476.85,124442,2024-01-21 10:05:52.725231
10,IL FANTASMA DI CANTERVILLE (THE CANTERVILLE GHOST),'2024-01-18'18/01/2024,GBR,ADLER ENTERTAINMENT S.R.L.,96781.83,14336,120999.99,18350,2024-01-21 10:05:52.725231
